Workbook

Sheet Эталонный словарь
A1: Слово | B1: Перевод | C1: Часть речи | E1: Проверка (Нажать "+" для отображения) | F1: Проверка по 1 листу | G1: Проверка по 2 листу | H1: Проверка по 3 листу | I1: Проверка всех листов
A2: Âбâмын гхуршахи | B2: радуга | F2: =IFERROR(VLOOKUP(A2,'Лист1'!A:E,1,0),"В листе нет слова") -> В листе нет слова | G2: =IFERROR(VLOOKUP(A2,'Лист2'!A:C,1,0),"В листе нет слова") -> Âбâмын гхуршахи | H2: =IFERROR(VLOOKUP(A2,'Лист3'!A:F,1,0),"В листе нет слова") -> В листе нет слова | I2: {=IFERROR(IFS(SUM(K2:M2)<=2,"Слово не потеряно"),"Слово из 5 листа")} -> Слово не потеряно | K2: =IF(F2="В листе нет слова",1,0) -> 1 | L2: =IF(G2="В листе нет слова",1,0) -> 0 | M2: =IF(H2="В листе нет слова",1,0) -> 1
A3: Âв | B3: дом | C3: существительное | F3: =IFERROR(VLOOKUP(A3,'Лист1'!A:E,1,0),"В листе нет слова") -> Âв | G3: =IFERROR(VLOOKUP(A3,'Лист2'!A:C,1,0),"В листе нет слова") -> В листе нет слова | H3: =IFERROR(VLOOKUP(A3,'Лист3'!A:F,1,0),"В листе нет слова") -> Âв | I3: {=IFERROR(IFS(SUM(K3:M3)<=2,"Слово не потеряно"),"Слово из 5 листа")} -> Слово не потеряно | K3: =IF(F3="В листе нет слова",1,0) -> 0 | L3: =IF(G3="В листе нет слова",1,0) -> 1 | M3: =IF(H3="В листе нет слова",1,0) -> 0
A4: Âвâлчи | B4: стародавний | C4: прилагательное | F4: =IFERROR(VLOOKUP(A4,'Лист1'!A:E,1,0),"В листе нет слова") -> В листе нет слова | G4: =IFERROR(VLOOKUP(A4,'Лист2'!A:C,1,0),"В листе нет слова") -> Âвâлчи | H4: =IFERROR(VLOOKUP(A4,'Лист3'!A:F,1,0),"В листе нет слова") -> В листе нет слова | I4: {=IFERROR(IFS(SUM(K4:M4)<=2,"Слово не потеряно"),"Слово из 5 листа")} -> Слово не потеряно | K4: =IF(F4="В листе нет слова",1,0) -> 1 | L4: =IF(G4="В листе нет слова",1,0) -> 0 | M4: =IF(H4="В листе нет слова",1,0) -> 1
A5: Âви топламах | B5: убираться в доме | C5: сущ+глагол | F5: =IFERROR(VLOOKUP(A5,'Лист1'!A:E,1,0),"В листе нет слова") -> В листе нет слова | G5: =IFERROR(VLOOKUP(A5,'Лист2'!A:C,1,0),"В листе нет слова") -> Âви топламах | H5: =IFERROR(VLOOKUP(A5,'Лист3'!A:F,1,0),"В листе нет слова") -> В листе нет слова | I5: {=IFERROR(IFS(SUM(K5:M5)<=2,"Слово не потеряно"),"Слово из 5 листа")} -> Слово не потеряно | K5: =IF(F5="В листе нет слова",1,0) -> 1 | L5: =IF(G5="В листе нет слова",1,0) -> 0 | M5: =IF(H5="В листе нет слова",1,0) -> 1
A6: Âдâт | B6: обычай | C6: существительное | F6: =IFERROR(VLOOKUP(A6,'Лист1'!A:E,1,0),"В листе нет слова") -> Âдâт | G6: =IFERROR(VLOOKUP(A6,'Лист2'!A:C,1,0),"В листе нет слова") -> В листе нет слова | H6: =IFERROR(VLOOKUP(A6,'Лист3'!A:F,1,0),"В листе нет слова") -> Âдâт | I6: {=IFERROR(IFS(SUM(K6:M6)<=2,"Слово не потеряно"),"Слово из 5 листа")} -> Слово не потеряно | K6: =IF(F6="В листе нет слова",1,0) -> 0 | L6: =IF(G6="В листе нет слова",1,0) -> 1 | M6: =IF(H6="В листе нет слова",1,0) -> 0
A7: Âджиш | B7: лопаточка металлическая | C7: существительное | F7: =IFERROR(VLOOKUP(A7,'Лист1'!A:E,1,0),"В листе нет слова") -> Âджиш | G7: =IFERROR(VLOOKUP(A7,'Лист2'!A:C,1,0),"В листе нет слова") -> В листе нет слова | H7: =IFERROR(VLOOKUP(A7,'Лист3'!A:F,1,0),"В листе нет слова") -> Âджиш | I7: {=IFERROR(IFS(SUM(K7:M7)<=2,"Слово не потеряно"),"Слово из 5 листа")} -> Слово не потеряно | K7: =IF(F7="В листе нет слова",1,0) -> 0 | L7: =IF(G7="В листе нет слова",1,0) -> 1 | M7: =IF(H7="В листе нет слова",1,0) -> 0
A8: Âдич | B8: кутья | C8: существительное | F8: =IFERROR(VLOOKUP(A8,'Лист1'!A:E,1,0),"В листе нет слова") -> Âдич | G8: =IFERROR(VLOOKUP(A8,'Лист2'!A:C,1,0),"В листе нет слова") -> В листе нет слова | H8: =IFERROR(VLOOKUP(A8,'Лист3'!A:F,1,0),"В листе нет слова") -> Âдич | I8: {=IFERROR(IFS(SUM(K8:M8)<=2,"Слово не потеряно"),"Слово из 5 листа")} -> Слово не потеряно | K8: =IF(F8="В листе нет слова",1,0) -> 0 | L8: =IF(G8="В листе нет слова",1,0) -> 1 | M8: =IF(H8="В листе нет слова",1,0) -> 0
A9: Âймâч | B9: хлеб | C9: существительное | F9: =IFERROR(VLOOKUP(A9,'Лист1'!A:E,1,0),"В листе нет слова") -> Âймâч | G9: =IFERROR(VLOOKUP(A9,'Лист2'!A:C,1,0),"В листе нет слова") -> В листе нет слова | H9: =IFERROR(VLOOKUP(A9,'Лист3'!A:F,1,0),"В листе нет слова") -> Âймâч | I9: {=IFERROR(IFS(SUM(K9:M9)<=2,"Слово не потеряно"),"Слово из 5 листа")} -> Слово не потеряно | K9: =IF(F9="В листе нет слова",1,0) -> 0 | L9: =IF(G9="В листе нет слова",1,0) -> 1 | M9: =IF(H9="В листе нет слова",1,0) -> 0
A10: Âйси | B10: старый | C10: прилагательное | F10: =IFERROR(VLOOKUP(A10,'Лист1'!A:E,1,0),"В листе нет слова") -> Âйси | G10: =IFERROR(VLOOKUP(A10,'Лист2'!A:C,1,0),"В листе нет слова") -> В листе нет слова | H10: =IFERROR(VLOOKUP(A10,'Лист3'!A:F,1,0),"В листе нет слова") -> Âйси | I10: {=IFERROR(IFS(SUM(K10:M10)<=2,"Слово не потеряно"),"Слово из 5 листа")} -> Слово не потеряно | K10: =IF(F10="В листе нет слова",1,0) -> 0 | L10: =IF(G10="В листе нет слова",1,0) -> 1 | M10: =IF(H10="В листе нет слова",1,0) -> 0
A11: Âйтым | B11: доверительность | C11: существительное | F11: =IFERROR(VLOOKUP(A11,'Лист1'!A:E,1,0),"В листе нет слова") -> Âйтым | G11: =IFERROR(VLOOKUP(A11,'Лист2'!A:C,1,0),"В листе нет слова") -> В листе нет слова | H11: =IFERROR(VLOOKUP(A11,'Лист3'!A:F,1,0),"В листе нет слова") -> Âйтым | I11: {=IFERROR(IFS(SUM(K11:M11)<=2,"Слово не потеряно"),"Слово из 5 листа")} -> Слово не потеряно | K11: =IF(F11="В листе нет слова",1,0) -> 0 | L11: =IF(G11="В листе нет слова",1,0) -> 1 | M11: =IF(H11="В листе нет слова",1,0) -> 0
A12: Âйши | B12: кислый | C12: прилагательное | F12: =IFERROR(VLOOKUP(A12,'Лист1'!A:E,1,0),"В листе нет слова") -> Âйши | G12: =IFERROR(VLOOKUP(A12,'Лист2'!A:C,1,0),"В листе нет слова") -> В листе нет слова | H12: =IFERROR(VLOOKUP(A12,'Лист3'!A:F,1,0),"В листе нет слова") -> Âйши | I12: {=IFERROR(IFS(SUM(K12:M12)<=2,"Слово не потеряно"),"Слово из 5 листа")} -> Слово не потеряно | K12: =IF(F12="В листе нет слова",1,0) -> 0 | L12: =IF(G12="В листе нет слова",1,0) -> 1 | M12: =IF(H12="В листе нет слова",1,0) -> 0
A13: Âл чâймах | B13: избавляться | F13: =IFERROR(VLOOKUP(A13,'Лист1'!A:E,1,0),"В листе нет слова") -> В листе нет слова | G13: =IFERROR(VLOOKUP(A13,'Лист2'!A:C,1,0),"В листе нет слова") -> Âл чâймах | H13: =IFERROR(VLOOKUP(A13,'Лист3'!A:F,1,0),"В листе нет слова") -> В листе нет слова | I13: {=IFERROR(IFS(SUM(K13:M13)<=2,"Слово не потеряно"),"Слово из 5 листа")} -> Слово не потеряно | K13: =IF(F13="В листе нет слова",1,0) -> 1 | L13: =IF(G13="В листе нет слова",1,0) -> 0 | M13: =IF(H13="В листе нет слова",1,0) -> 1
A14: Âлâч | B14: решето | C14: существительное | F14: =IFERROR(VLOOKUP(A14,'Лист1'!A:E,1,0),"В листе нет слова") -> Âлâч | G14: =IFERROR(VLOOKUP(A14,'Лист2'!A:C,1,0),"В листе нет слова") -> В листе нет слова | H14: =IFERROR(VLOOKUP(A14,'Лист3'!A:F,1,0),"В листе нет слова") -> Âлâч | I14: {=IFERROR(IFS(SUM(K14:M14)<=2,"Слово не потеряно"),"Слово из 5 листа")} -> Слово не потеряно | K14: =IF(F14="В листе нет слова",1,0) -> 0 | L14: =IF(G14="В листе нет слова",1,0) -> 1 | M14: =IF(H14="В листе нет слова",1,0) -> 0
A15: Âр | B15: муж | C15: существительное | F15: =IFERROR(VLOOKUP(A15,'Лист1'!A:E,1,0),"В листе нет слова") -> Âр | G15: =IFERROR(VLOOKUP(A15,'Лист2'!A:C,1,0),"В листе нет слова") -> В листе нет слова | H15: =IFERROR(VLOOKUP(A15,'Лист3'!A:F,1,0),"В листе нет слова") -> Âр | I15: {=IFERROR(IFS(SUM(K15:M15)<=2,"Слово не потеряно"),"Слово из 5 листа")} -> Слово не потеряно | K15: =IF(F15="В листе нет слова",1,0) -> 0 | L15: =IF(G15="В листе нет слова",1,0) -> 1 | M15: =IF(H15="В листе нет слова",1,0) -> 0
A16: Âрджан | B16: холостой | C16: существительное | F16: =IFERROR(VLOOKUP(A16,'Лист1'!A:E,1,0),"В листе нет слова") -> Âрджан | G16: =IFERROR(VLOOKUP(A16,'Лист2'!A:C,1,0),"В листе нет слова") -> В листе нет слова | H16: =IFERROR(VLOOKUP(A16,'Лист3'!A:F,1,0),"В листе нет слова") -> Âрджан | I16: {=IFERROR(IFS(SUM(K16:M16)<=2,"Слово не потеряно"),"Слово из 5 листа")} -> Слово не потеряно | K16: =IF(F16="В листе нет слова",1,0) -> 0 | L16: =IF(G16="В листе нет слова",1,0) -> 1 | M16: =IF(H16="В листе нет слова",1,0) -> 0
A17: Âрджиши | B17: мужчина | C17: существительное | F17: =IFERROR(VLOOKUP(A17,'Лист1'!A:E,1,0),"В листе нет слова") -> Âрджиши | G17: =IFERROR(VLOOKUP(A17,'Лист2'!A:C,1,0),"В листе нет слова") -> В листе нет слова | H17: =IFERROR(VLOOKUP(A17,'Лист3'!A:F,1,0),"В листе нет слова") -> Âрджиши | I17: {=IFERROR(IFS(SUM(K17:M17)<=2,"Слово не потеряно"),"Слово из 5 листа")} -> Слово не потеряно | K17: =IF(F17="В листе нет слова",1,0) -> 0 | L17: =IF(G17="В листе нет слова",1,0) -> 1 | M17: =IF(H17="В листе нет слова",1,0) -> 0
A18: Âрчащ | B18: любой | C18: местоимение | F18: =IFERROR(VLOOKUP(A18,'Лист1'!A:E,1,0),"В листе нет слова") -> Âрчащ | G18: =IFERROR(VLOOKUP(A18,'Лист2'!A:C,1,0),"В листе нет слова") -> В листе нет слова | H18: =IFERROR(VLOOKUP(A18,'Лист3'!A:F,1,0),"В листе нет слова") -> Âрчащ | I18: {=IFERROR(IFS(SUM(K18:M18)<=2,"Слово не потеряно"),"Слово из 5 листа")} -> Слово не потеряно | K18: =IF(F18="В листе нет слова",1,0) -> 0 | L18: =IF(G18="В листе нет слова",1,0) -> 1 | M18: =IF(H18="В листе нет слова",1,0) -> 0
A19: Ôзджâ | B19: другой | C19: местоимение | F19: =IFERROR(VLOOKUP(A19,'Лист1'!A:E,1,0),"В листе нет слова") -> В листе нет слова | G19: =IFERROR(VLOOKUP(A19,'Лист2'!A:C,1,0),"В листе нет слова") -> Ôзджâ | H19: =IFERROR(VLOOKUP(A19,'Лист3'!A:F,1,0),"В листе нет слова") -> В листе нет слова | I19: {=IFERROR(IFS(SUM(K19:M19)<=2,"Слово не потеряно"),"Слово из 5 листа")} -> Слово не потеряно | K19: =IF(F19="В листе нет слова",1,0) -> 1 | L19: =IF(G19="В листе нет слова",1,0) -> 0 | M19: =IF(H19="В листе нет слова",1,0) -> 1
A20: Ôлŷм | B20: существительное | C20: смерть | F20: =IFERROR(VLOOKUP(A20,'Лист1'!A:E,1,0),"В листе нет слова") -> В листе нет слова | G20: =IFERROR(VLOOKUP(A20,'Лист2'!A:C,1,0),"В листе нет слова") -> В листе нет слова | H20: =IFERROR(VLOOKUP(A20,'Лист3'!A:F,1,0),"В листе нет слова") -> В листе нет слова | I20: {=IFERROR(IFS(SUM(K20:M20)<=2,"Слово не потеряно"),"Слово из 5 листа")} -> Слово из 5 листа | K20: =IF(F20="В листе нет слова",1,0) -> 1 | L20: =IF(G20="В листе нет слова",1,0) -> 1 | M20: =IF(H20="В листе нет слова",1,0) -> 1
A21: Ôльмах | B21: глагол | C21: умирать | F21: =IFERROR(VLOOKUP(A21,'Лист1'!A:E,1,0),"В листе нет слова") -> В листе нет слова | G21: =IFERROR(VLOOKUP(A21,'Лист2'!A:C,1,0),"В листе нет слова") -> В листе нет слова | H21: =IFERROR(VLOOKUP(A21,'Лист3'!A:F,1,0),"В листе нет слова") -> В листе нет слова | I21: {=IFERROR(IFS(SUM(K21:M21)<=2,"Слово не потеряно"),"Слово из 5 листа")} -> Слово из 5 листа | K21: =IF(F21="В листе нет слова",1,0) -> 1 | L21: =IF(G21="В листе нет слова",1,0) -> 1 | M21: =IF(H21="В листе нет слова",1,0) -> 1
A22: Ôмŷр | B22: существительное | C22: жизнь | F22: =IFERROR(VLOOKUP(A22,'Лист1'!A:E,1,0),"В листе нет слова") -> В листе нет слова | G22: =IFERROR(VLOOKUP(A22,'Лист2'!A:C,1,0),"В листе нет слова") -> В листе нет слова | H22: =IFERROR(VLOOKUP(A22,'Лист3'!A:F,1,0),"В листе нет слова") -> В листе нет слова | I22: {=IFERROR(IFS(SUM(K22:M22)<=2,"Слово не потеряно"),"Слово из 5 листа")} -> Слово из 5 листа | K22: =IF(F22="В листе нет слова",1,0) -> 1 | L22: =IF(G22="В листе нет слова",1,0) -> 1 | M22: =IF(H22="В листе нет слова",1,0) -> 1
A23: Ôмŷрŷн узун олсун | B23: глагол-наречие | C23: живи долго | F23: =IFERROR(VLOOKUP(A23,'Лист1'!A:E,1,0),"В листе нет слова") -> В листе нет слова | G23: =IFERROR(VLOOKUP(A23,'Лист2'!A:C,1,0),"В листе нет слова") -> В листе нет слова | H23: =IFERROR(VLOOKUP(A23,'Лист3'!A:F,1,0),"В листе нет слова") -> В листе нет слова | I23: {=IFERROR(IFS(SUM(K23:M23)<=2,"Слово не потеряно"),"Слово из 5 листа")} -> Слово из 5 листа | K23: =IF(F23="В листе нет слова",1,0) -> 1 | L23: =IF(G23="В листе нет слова",1,0) -> 1 | M23: =IF(H23="В листе нет слова",1,0) -> 1
A24: Ôрŷмджâч | B24: существительное | C24: паук,паутина | F24: =IFERROR(VLOOKUP(A24,'Лист1'!A:E,1,0),"В листе нет слова") -> В листе нет слова | G24: =IFERROR(VLOOKUP(A24,'Лист2'!A:C,1,0),"В листе нет слова") -> В листе нет слова | H24: =IFERROR(VLOOKUP(A24,'Лист3'!A:F,1,0),"В листе нет слова") -> В листе нет слова | I24: {=IFERROR(IFS(SUM(K24:M24)<=2,"Слово не потеряно"),"Слово из 5 листа")} -> Слово из 5 листа | K24: =IF(F24="В листе нет слова",1,0) -> 1 | L24: =IF(G24="В листе нет слова",1,0) -> 1 | M24: =IF(H24="В листе нет слова",1,0) -> 1
A25: Ôрджâнмах | B25: научиться | C25: глагол | F25: =IFERROR(VLOOKUP(A25,'Лист1'!A:E,1,0),"В листе нет слова") -> В листе нет слова | G25: =IFERROR(VLOOKUP(A25,'Лист2'!A:C,1,0),"В листе нет слова") -> Ôрджâнмах | H25: =IFERROR(VLOOKUP(A25,'Лист3'!A:F,1,0),"В листе нет слова") -> В листе нет слова | I25: {=IFERROR(IFS(SUM(K25:M25)<=2,"Слово не потеряно"),"Слово из 5 листа")} -> Слово не потеряно | K25: =IF(F25="В листе нет слова",1,0) -> 1 | L25: =IF(G25="В листе нет слова",1,0) -> 0 | M25: =IF(H25="В листе нет слова",1,0) -> 1
A26: Ôрти | B26: постель | C26: Существительное | F26: =IFERROR(VLOOKUP(A26,'Лист1'!A:E,1,0),"В листе нет слова") -> В листе нет слова | G26: =IFERROR(VLOOKUP(A26,'Лист2'!A:C,1,0),"В листе нет слова") -> Ôрти | H26: =IFERROR(VLOOKUP(A26,'Лист3'!A:F,1,0),"В листе нет слова") -> В листе нет слова | I26: {=IFERROR(IFS(SUM(K26:M26)<=2,"Слово не потеряно"),"Слово из 5 листа")} -> Слово не потеряно | K26: =IF(F26="В листе нет слова",1,0) -> 1 | L26: =IF(G26="В листе нет слова",1,0) -> 0 | M26: =IF(H26="В листе нет слова",1,0) -> 1
A27: Ôрти халдырмах | B27: заправлять постель | F27: =IFERROR(VLOOKUP(A27,'Лист1'!A:E,1,0),"В листе нет слова") -> В листе нет слова | G27: =IFERROR(VLOOKUP(A27,'Лист2'!A:C,1,0),"В листе нет слова") -> Ôрти халдырмах | H27: =IFERROR(VLOOKUP(A27,'Лист3'!A:F,1,0),"В листе нет слова") -> В листе нет слова | I27: {=IFERROR(IFS(SUM(K27:M27)<=2,"Слово не потеряно"),"Слово из 5 листа")} -> Слово не потеряно | K27: =IF(F27="В листе нет слова",1,0) -> 1 | L27: =IF(G27="В листе нет слова",1,0) -> 0 | M27: =IF(H27="В листе нет слова",1,0) -> 1
A28: Ŷрâджим хъопди | B28: Сердце вздрогнуло | C28: сущ+глагол | F28: =IFERROR(VLOOKUP(A28,'Лист1'!A:E,1,0),"В листе нет слова") -> В листе нет слова | G28: =IFERROR(VLOOKUP(A28,'Лист2'!A:C,1,0),"В листе нет слова") -> Ŷрâджим хъопди | H28: =IFERROR(VLOOKUP(A28,'Лист3'!A:F,1,0),"В листе нет слова") -> В листе нет слова | I28: {=IFERROR(IFS(SUM(K28:M28)<=2,"Слово не потеряно"),"Слово из 5 листа")} -> Слово не потеряно | K28: =IF(F28="В листе нет слова",1,0) -> 1 | L28: =IF(G28="В листе нет слова",1,0) -> 0 | M28: =IF(H28="В листе нет слова",1,0) -> 1
A29: Ŷрâч | B29: сердце | C29: Существительное | F29: =IFERROR(VLOOKUP(A29,'Лист1'!A:E,1,0),"В листе нет слова") -> В листе нет слова | G29: =IFERROR(VLOOKUP(A29,'Лист2'!A:C,1,0),"В листе нет слова") -> Ŷрâч | H29: =IFERROR(VLOOKUP(A29,'Лист3'!A:F,1,0),"В листе нет слова") -> В листе нет слова | I29: {=IFERROR(IFS(SUM(K29:M29)<=2,"Слово не потеряно"),"Слово из 5 листа")} -> Слово не потеряно | K29: =IF(F29="В листе нет слова",1,0) -> 1 | L29: =IF(G29="В листе нет слова",1,0) -> 0 | M29: =IF(H29="В листе нет слова",1,0) -> 1
A30: Абур | B30: нравственность, стыд | C30: существительное | F30: =IFERROR(VLOOKUP(A30,'Лист1'!A:E,1,0),"В листе нет слова") -> Абур | G30: =IFERROR(VLOOKUP(A30,'Лист2'!A:C,1,0),"В листе нет слова") -> В листе нет слова | H30: =IFERROR(VLOOKUP(A30,'Лист3'!A:F,1,0),"В листе нет слова") -> Абур | I30: {=IFERROR(IFS(SUM(K30:M30)<=2,"Слово не потеряно"),"Слово из 5 листа")} -> Слово не потеряно | K30: =IF(F30="В листе нет слова",1,0) -> 0 | L30: =IF(G30="В листе нет слова",1,0) -> 1 | M30: =IF(H30="В листе нет слова",1,0) -> 0
A31: Абурсуз | B31: бесстыжий | C31: прилагательное | F31: =IFERROR(VLOOKUP(A31,'Лист1'!A:E,1,0),"В листе нет слова") -> Абурсуз | G31: =IFERROR(VLOOKUP(A31,'Лист2'!A:C,1,0),"В листе нет слова") -> В листе нет слова | H31: =IFERROR(VLOOKUP(A31,'Лист3'!A:F,1,0),"В листе нет слова") -> Абурсуз | I31: {=IFERROR(IFS(SUM(K31:M31)<=2,"Слово не потеряно"),"Слово из 5 листа")} -> Слово не потеряно | K31: =IF(F31="В листе нет слова",1,0) -> 0 | L31: =IF(G31="В листе нет слова",1,0) -> 1 | M31: =IF(H31="В листе нет слова",1,0) -> 0
A32: авасланмах | B32: нравиться,восхищаться | F32: =IFERROR(VLOOKUP(A32,'Лист1'!A:E,1,0),"В листе нет слова") -> В листе нет слова | G32: =IFERROR(VLOOKUP(A32,'Лист2'!A:C,1,0),"В листе нет слова") -> авасланмах | H32: =IFERROR(VLOOKUP(A32,'Лист3'!A:F,1,0),"В листе нет слова") -> В листе нет слова | I32: {=IFERROR(IFS(SUM(K32:M32)<=2,"Слово не потеряно"),"Слово из 5 листа")} -> Слово не потеряно | K32: =IF(F32="В листе нет слова",1,0) -> 1 | L32: =IF(G32="В листе нет слова",1,0) -> 0 | M32: =IF(H32="В листе нет слова",1,0) -> 1
A33: Автаортаси | B33: четверг | C33: существительное | F33: =IFERROR(VLOOKUP(A33,'Лист1'!A:E,1,0),"В листе нет слова") -> Автаортаси | G33: =IFERROR(VLOOKUP(A33,'Лист2'!A:C,1,0),"В листе нет слова") -> В листе нет слова | H33: =IFERROR(VLOOKUP(A33,'Лист3'!A:F,1,0),"В листе нет слова") -> Автаортаси | I33: {=IFERROR(IFS(SUM(K33:M33)<=2,"Слово не потеряно"),"Слово из 5 листа")} -> Слово не потеряно | K33: =IF(F33="В листе нет слова",1,0) -> 0 | L33: =IF(G33="В листе нет слова",1,0) -> 1 | M33: =IF(H33="В листе нет слова",1,0) -> 0
A34: Агошка | B34: окно | C34: существительное | F34: =IFERROR(VLOOKUP(A34,'Лист1'!A:E,1,0),"В листе нет слова") -> Агошка | G34: =IFERROR(VLOOKUP(A34,'Лист2'!A:C,1,0),"В листе нет слова") -> В листе нет слова | H34: =IFERROR(VLOOKUP(A34,'Лист3'!A:F,1,0),"В листе нет слова") -> Агошка | I34: {=IFERROR(IFS(SUM(K34:M34)<=2,"Слово не потеряно"),"Слово из 5 листа")} -> Слово не потеряно | K34: =IF(F34="В листе нет слова",1,0) -> 0 | L34: =IF(G34="В листе нет слова",1,0) -> 1 | M34: =IF(H34="В листе нет слова",1,0) -> 0
A35: Ад | B35: имя | C35: существительное | F35: =IFERROR(VLOOKUP(A35,'Лист1'!A:E,1,0),"В листе нет слова") -> Ад | G35: =IFERROR(VLOOKUP(A35,'Лист2'!A:C,1,0),"В листе нет слова") -> В листе нет слова | H35: =IFERROR(VLOOKUP(A35,'Лист3'!A:F,1,0),"В листе нет слова") -> Ад | I35: {=IFERROR(IFS(SUM(K35:M35)<=2,"Слово не потеряно"),"Слово из 5 листа")} -> Слово не потеряно | K35: =IF(F35="В листе нет слова",1,0) -> 0 | L35: =IF(G35="В листе нет слова",1,0) -> 1 | M35: =IF(H35="В листе нет слова",1,0) -> 0
A36: Адж | B36: голодный | C36: Прилагательное | F36: =IFERROR(VLOOKUP(A36,'Лист1'!A:E,1,0),"В листе нет слова") -> В листе нет слова | G36: =IFERROR(VLOOKUP(A36,'Лист2'!A:C,1,0),"В листе нет слова") -> Адж | H36: =IFERROR(VLOOKUP(A36,'Лист3'!A:F,1,0),"В листе нет слова") -> В листе нет слова | I36: {=IFERROR(IFS(SUM(K36:M36)<=2,"Слово не потеряно"),"Слово из 5 листа")} -> Слово не потеряно | K36: =IF(F36="В листе нет слова",1,0) -> 1 | L36: =IF(G36="В листе нет слова",1,0) -> 0 | M36: =IF(H36="В листе нет слова",1,0) -> 1
A37: Аджâр олурса- | B37: если возможно... извините пожалуйста | F37: =IFERROR(VLOOKUP(A37,'Лист1'!A:E,1,0),"В листе нет слова") -> В листе нет слова | G37: =IFERROR(VLOOKUP(A37,'Лист2'!A:C,1,0),"В листе нет слова") -> Аджâр олурса- | H37: =IFERROR(VLOOKUP(A37,'Лист3'!A:F,1,0),"В листе нет слова") -> В листе нет слова | I37: {=IFERROR(IFS(SUM(K37:M37)<=2,"Слово не потеряно"),"Слово из 5 листа")} -> Слово не потеряно | K37: =IF(F37="В листе нет слова",1,0) -> 1 | L37: =IF(G37="В листе нет слова",1,0) -> 0 | M37: =IF(H37="В листе нет слова",1,0) -> 1
A38: Аджап | B38: да ладно | F38: =IFERROR(VLOOKUP(A38,'Лист1'!A:E,1,0),"В листе нет слова") -> В листе нет слова | G38: =IFERROR(VLOOKUP(A38,'Лист2'!A:C,1,0),"В листе нет слова") -> Аджап | H38: =IFERROR(VLOOKUP(A38,'Лист3'!A:F,1,0),"В листе нет слова") -> В листе нет слова | I38: {=IFERROR(IFS(SUM(K38:M38)<=2,"Слово не потеряно"),"Слово из 5 листа")} -> Слово не потеряно | K38: =IF(F38="В листе нет слова",1,0) -> 1 | L38: =IF(G38="В листе нет слова",1,0) -> 0 | M38: =IF(H38="В листе нет слова",1,0) -> 1
A39: Адым | B39: шаг | C39: существительное | F39: =IFERROR(VLOOKUP(A39,'Лист1'!A:E,1,0),"В листе нет слова") -> Адым | G39: =IFERROR(VLOOKUP(A39,'Лист2'!A:C,1,0),"В листе нет слова") -> В листе нет слова | H39: =IFERROR(VLOOKUP(A39,'Лист3'!A:F,1,0),"В листе нет слова") -> Адым | I39: {=IFERROR(IFS(SUM(K39:M39)<=2,"Слово не потеряно"),"Слово из 5 листа")} -> Слово не потеряно | K39: =IF(F39="В листе нет слова",1,0) -> 0 | L39: =IF(G39="В листе нет слова",1,0) -> 1 | M39: =IF(H39="В листе нет слова",1,0) -> 0
A40: Аз | B40: Мало | C40: Наречие | F40: =IFERROR(VLOOKUP(A40,'Лист1'!A:E,1,0),"В листе нет слова") -> Аз | G40: =IFERROR(VLOOKUP(A40,'Лист2'!A:C,1,0),"В листе нет слова") -> В листе нет слова | H40: =IFERROR(VLOOKUP(A40,'Лист3'!A:F,1,0),"В листе нет слова") -> Аз | I40: {=IFERROR(IFS(SUM(K40:M40)<=2,"Слово не потеряно"),"Слово из 5 листа")} -> Слово не потеряно | K40: =IF(F40="В листе нет слова",1,0) -> 0 | L40: =IF(G40="В листе нет слова",1,0) -> 1 | M40: =IF(H40="В листе нет слова",1,0) -> 0
A41: Ай | B41: месяц как единица исчисления годового времени | C41: существительное | F41: =IFERROR(VLOOKUP(A41,'Лист1'!A:E,1,0),"В листе нет слова") -> Ай | G41: =IFERROR(VLOOKUP(A41,'Лист2'!A:C,1,0),"В листе нет слова") -> В листе нет слова | H41: =IFERROR(VLOOKUP(A41,'Лист3'!A:F,1,0),"В листе нет слова") -> Ай | I41: {=IFERROR(IFS(SUM(K41:M41)<=2,"Слово не потеряно"),"Слово из 5 листа")} -> Слово не потеряно | K41: =IF(F41="В листе нет слова",1,0) -> 0 | L41: =IF(G41="В листе нет слова",1,0) -> 1 | M41: =IF(H41="В листе нет слова",1,0) -> 0
A42: Айдâдâ | B42: диск Луны или его часть | C42: существительное | F42: =IFERROR(VLOOKUP(A42,'Лист1'!A:E,1,0),"В листе нет слова") -> Айдâдâ | G42: =IFERROR(VLOOKUP(A42,'Лист2'!A:C,1,0),"В листе нет слова") -> Айдâдâ | H42: =IFERROR(VLOOKUP(A42,'Лист3'!A:F,1,0),"В листе нет слова") -> Айдâдâ | I42: {=IFERROR(IFS(SUM(K42:M42)<=2,"Слово не потеряно"),"Слово из 5 листа")} -> Слово не потеряно | K42: =IF(F42="В листе нет слова",1,0) -> 0 | L42: =IF(G42="В листе нет слова",1,0) -> 0 | M42: =IF(H42="В листе нет слова",1,0) -> 0
A43: Айдâдâ | B43: луна | F43: =IFERROR(VLOOKUP(A43,'Лист1'!A:E,1,0),"В листе нет слова") -> Айдâдâ | G43: =IFERROR(VLOOKUP(A43,'Лист2'!A:C,1,0),"В листе нет слова") -> Айдâдâ | H43: =IFERROR(VLOOKUP(A43,'Лист3'!A:F,1,0),"В листе нет слова") -> Айдâдâ | I43: {=IFERROR(IFS(SUM(K43:M43)<=2,"Слово не потеряно"),"Слово из 5 листа")} -> Слово не потеряно | K43: =IF(F43="В листе нет слова",1,0) -> 0 | L43: =IF(G43="В листе нет слова",1,0) -> 0 | M43: =IF(H43="В листе нет слова",1,0) -> 0
A44: Айна | B44: стекло,зеркало | C44: существительно | F44: =IFERROR(VLOOKUP(A44,'Лист1'!A:E,1,0),"В листе нет слова") -> В листе нет слова | G44: =IFERROR(VLOOKUP(A44,'Лист2'!A:C,1,0),"В листе нет слова") -> Айна | H44: =IFERROR(VLOOKUP(A44,'Лист3'!A:F,1,0),"В листе нет слова") -> В листе нет слова | I44: {=IFERROR(IFS(SUM(K44:M44)<=2,"Слово не потеряно"),"Слово из 5 листа")} -> Слово не потеряно | K44: =IF(F44="В листе нет слова",1,0) -> 1 | L44: =IF(G44="В листе нет слова",1,0) -> 0 | M44: =IF(H44="В листе нет слова",1,0) -> 1
A45: Айрылых | B45: расставание | C45: существительное | F45: =IFERROR(VLOOKUP(A45,'Лист1'!A:E,1,0),"В листе нет слова") -> Айрылых | G45: =IFERROR(VLOOKUP(A45,'Лист2'!A:C,1,0),"В листе нет слова") -> В листе нет слова | H45: =IFERROR(VLOOKUP(A45,'Лист3'!A:F,1,0),"В листе нет слова") -> Айрылых | I45: {=IFERROR(IFS(SUM(K45:M45)<=2,"Слово не потеряно"),"Слово из 5 листа")} -> Слово не потеряно | K45: =IF(F45="В листе нет слова",1,0) -> 0 | L45: =IF(G45="В листе нет слова",1,0) -> 1 | M45: =IF(H45="В листе нет слова",1,0) -> 0
A46: Айшихамур | B46: опара | C46: существительное | F46: =IFERROR(VLOOKUP(A46,'Лист1'!A:E,1,0),"В листе нет слова") -> Айшихамур | G46: =IFERROR(VLOOKUP(A46,'Лист2'!A:C,1,0),"В листе нет слова") -> В листе нет слова | H46: =IFERROR(VLOOKUP(A46,'Лист3'!A:F,1,0),"В листе нет слова") -> Айшихамур | I46: {=IFERROR(IFS(SUM(K46:M46)<=2,"Слово не потеряно"),"Слово из 5 листа")} -> Слово не потеряно | K46: =IF(F46="В листе нет слова",1,0) -> 0 | L46: =IF(G46="В листе нет слова",1,0) -> 1 | M46: =IF(H46="В листе нет слова",1,0) -> 0
A47: Ал | B47: прилагательное | C47: бордовый цвет | F47: =IFERROR(VLOOKUP(A47,'Лист1'!A:E,1,0),"В листе нет слова") -> В листе нет слова | G47: =IFERROR(VLOOKUP(A47,'Лист2'!A:C,1,0),"В листе нет слова") -> В листе нет слова | H47: =IFERROR(VLOOKUP(A47,'Лист3'!A:F,1,0),"В листе нет слова") -> В листе нет слова | I47: {=IFERROR(IFS(SUM(K47:M47)<=2,"Слово не потеряно"),"Слово из 5 листа")} -> Слово из 5 листа | K47: =IF(F47="В листе нет слова",1,0) -> 1 | L47: =IF(G47="В листе нет слова",1,0) -> 1 | M47: =IF(H47="В листе нет слова",1,0) -> 1
A48: Аладжа-буладжа | B48: прилагательное | C48: разноцветный,пестрый | F48: =IFERROR(VLOOKUP(A48,'Лист1'!A:E,1,0),"В листе нет слова") -> В листе нет слова | G48: =IFERROR(VLOOKUP(A48,'Лист2'!A:C,1,0),"В листе нет слова") -> В листе нет слова | H48: =IFERROR(VLOOKUP(A48,'Лист3'!A:F,1,0),"В листе нет слова") -> В листе нет слова | I48: {=IFERROR(IFS(SUM(K48:M48)<=2,"Слово не потеряно"),"Слово из 5 листа")} -> Слово из 5 листа | K48: =IF(F48="В листе нет слова",1,0) -> 1 | L48: =IF(G48="В листе нет слова",1,0) -> 1 | M48: =IF(H48="В листе нет слова",1,0) -> 1
A49: Алгети | B49: название реки | C49: существительное | F49: =IFERROR(VLOOKUP(A49,'Лист1'!A:E,1,0),"В листе нет слова") -> Алгети | G49: =IFERROR(VLOOKUP(A49,'Лист2'!A:C,1,0),"В листе нет слова") -> В листе нет слова | H49: =IFERROR(VLOOKUP(A49,'Лист3'!A:F,1,0),"В листе нет слова") -> Алгети | I49: {=IFERROR(IFS(SUM(K49:M49)<=2,"Слово не потеряно"),"Слово из 5 листа")} -> Слово не потеряно | K49: =IF(F49="В листе нет слова",1,0) -> 0 | L49: =IF(G49="В листе нет слова",1,0) -> 1 | M49: =IF(H49="В листе нет слова",1,0) -> 0
A50: Алма | B50: яблоко | C50: существительное | F50: =IFERROR(VLOOKUP(A50,'Лист1'!A:E,1,0),"В листе нет слова") -> Алма | G50: =IFERROR(VLOOKUP(A50,'Лист2'!A:C,1,0),"В листе нет слова") -> В листе нет слова | H50: =IFERROR(VLOOKUP(A50,'Лист3'!A:F,1,0),"В листе нет слова") -> Алма | I50: {=IFERROR(IFS(SUM(K50:M50)<=2,"Слово не потеряно"),"Слово из 5 листа")} -> Слово не потеряно | K50: =IF(F50="В листе нет слова",1,0) -> 0 | L50: =IF(G50="В листе нет слова",1,0) -> 1 | M50: =IF(H50="В листе нет слова",1,0) -> 0
A51: Алмах | B51: брать, покупать | C51: глагол | F51: =IFERROR(VLOOKUP(A51,'Лист1'!A:E,1,0),"В листе нет слова") -> Алмах | G51: =IFERROR(VLOOKUP(A51,'Лист2'!A:C,1,0),"В листе нет слова") -> В листе нет слова | H51: =IFERROR(VLOOKUP(A51,'Лист3'!A:F,1,0),"В листе нет слова") -> Алмах | I51: {=IFERROR(IFS(SUM(K51:M51)<=2,"Слово не потеряно"),"Слово из 5 листа")} -> Слово не потеряно | K51: =IF(F51="В листе нет слова",1,0) -> 0 | L51: =IF(G51="В листе нет слова",1,0) -> 1 | M51: =IF(H51="В листе нет слова",1,0) -> 0
A52: Алтиян | B52: юбка | C52: существительное | F52: =IFERROR(VLOOKUP(A52,'Лист1'!A:E,1,0),"В листе нет слова") -> Алтиян | G52: =IFERROR(VLOOKUP(A52,'Лист2'!A:C,1,0),"В листе нет слова") -> В листе нет слова | H52: =IFERROR(VLOOKUP(A52,'Лист3'!A:F,1,0),"В листе нет слова") -> Алтиян | I52: {=IFERROR(IFS(SUM(K52:M52)<=2,"Слово не потеряно"),"Слово из 5 листа")} -> Слово не потеряно | K52: =IF(F52="В листе нет слова",1,0) -> 0 | L52: =IF(G52="В листе нет слова",1,0) -> 1 | M52: =IF(H52="В листе нет слова",1,0) -> 0
A53: Алтын | B53: серебро | C53: существительное | F53: =IFERROR(VLOOKUP(A53,'Лист1'!A:E,1,0),"В листе нет слова") -> Алтын | G53: =IFERROR(VLOOKUP(A53,'Лист2'!A:C,1,0),"В листе нет слова") -> В листе нет слова | H53: =IFERROR(VLOOKUP(A53,'Лист3'!A:F,1,0),"В листе нет слова") -> Алтын | I53: {=IFERROR(IFS(SUM(K53:M53)<=2,"Слово не потеряно"),"Слово из 5 листа")} -> Слово не потеряно | K53: =IF(F53="В листе нет слова",1,0) -> 0 | L53: =IF(G53="В листе нет слова",1,0) -> 1 | M53: =IF(H53="В листе нет слова",1,0) -> 0
A54: Алчах | B54: низкий | C54: прилагательное | F54: =IFERROR(VLOOKUP(A54,'Лист1'!A:E,1,0),"В листе нет слова") -> Алчах | G54: =IFERROR(VLOOKUP(A54,'Лист2'!A:C,1,0),"В листе нет слова") -> В листе нет слова | H54: =IFERROR(VLOOKUP(A54,'Лист3'!A:F,1,0),"В листе нет слова") -> Алчах | I54: {=IFERROR(IFS(SUM(K54:M54)<=2,"Слово не потеряно"),"Слово из 5 листа")} -> Слово не потеряно | K54: =IF(F54="В листе нет слова",1,0) -> 0 | L54: =IF(G54="В листе нет слова",1,0) -> 1 | M54: =IF(H54="В листе нет слова",1,0) -> 0
A55: Алчет | B55: Река Алгети | C55: существительное | F55: =IFERROR(VLOOKUP(A55,'Лист1'!A:E,1,0),"В листе нет слова") -> Алчет | G55: =IFERROR(VLOOKUP(A55,'Лист2'!A:C,1,0),"В листе нет слова") -> В листе нет слова | H55: =IFERROR(VLOOKUP(A55,'Лист3'!A:F,1,0),"В листе нет слова") -> Алчет | I55: {=IFERROR(IFS(SUM(K55:M55)<=2,"Слово не потеряно"),"Слово из 5 листа")} -> Слово не потеряно | K55: =IF(F55="В листе нет слова",1,0) -> 0 | L55: =IF(G55="В листе нет слова",1,0) -> 1 | M55: =IF(H55="В листе нет слова",1,0) -> 0
... A61: Андер | B61: сирота, беспризорный | C61: существительное | F61: =IFERROR(VLOOKUP(A61,'Лист1'!A:E,1,0),"В листе нет слова") -> Андер | G61: =IFERROR(VLOOKUP(A61,'Лист2'!A:C,1,0),"В листе нет слова") -> В листе нет слова | H61: =IFERROR(VLOOKUP(A61,'Лист3'!A:F,1,0),"В листе нет слова") -> Андер | I61: {=IFERROR(IFS(SUM(K61:M61)<=2,"Слово не потеряно"),"Слово из 5 листа")} -> Слово не потеряно | K61: =IF(F61="В листе нет слова",1,0) -> 0 | L61: =IF(G61="В листе нет слова",1,0) -> 1 | M61: =IF(H61="В листе нет слова",1,0) -> 0
A62: Анни | B62: лоб | F62: =IFERROR(VLOOKUP(A62,'Лист1'!A:E,1,0),"В листе нет слова") -> В листе нет слова | G62: =IFERROR(VLOOKUP(A62,'Лист2'!A:C,1,0),"В листе нет слова") -> Анни | H62: =IFERROR(VLOOKUP(A62,'Лист3'!A:F,1,0),"В листе нет слова") -> В листе нет слова | I62: {=IFERROR(IFS(SUM(K62:M62)<=2,"Слово не потеряно"),"Слово из 5 листа")} -> Слово не потеряно | K62: =IF(F62="В листе нет слова",1,0) -> 1 | L62: =IF(G62="В листе нет слова",1,0) -> 0 | M62: =IF(H62="В листе нет слова",1,0) -> 1
A63: Аных | B63: зажарка для супа | C63: существительное | F63: =IFERROR(VLOOKUP(A63,'Лист1'!A:E,1,0),"В листе нет слова") -> Аных | G63: =IFERROR(VLOOKUP(A63,'Лист2'!A:C,1,0),"В листе нет слова") -> В листе нет слова | H63: =IFERROR(VLOOKUP(A63,'Лист3'!A:F,1,0),"В листе нет слова") -> Аных | I63: {=IFERROR(IFS(SUM(K63:M63)<=2,"Слово не потеряно"),"Слово из 5 листа")} -> Слово не потеряно | K63: =IF(F63="В листе нет слова",1,0) -> 0 | L63: =IF(G63="В листе нет слова",1,0) -> 1 | M63: =IF(H63="В листе нет слова",1,0) -> 0
A64: Ара | B64: середина | C64: существительное | F64: =IFERROR(VLOOKUP(A64,'Лист1'!A:E,1,0),"В листе нет слова") -> Ара | G64: =IFERROR(VLOOKUP(A64,'Лист2'!A:C,1,0),"В листе нет слова") -> В листе нет слова | H64: =IFERROR(VLOOKUP(A64,'Лист3'!A:F,1,0),"В листе нет слова") -> Ара | I64: {=IFERROR(IFS(SUM(K64:M64)<=2,"Слово не потеряно"),"Слово из 5 листа")} -> Слово не потеряно | K64: =IF(F64="В листе нет слова",1,0) -> 0 | L64: =IF(G64="В листе нет слова",1,0) -> 1 | M64: =IF(H64="В листе нет слова",1,0) -> 0
A65: Арамах | B65: искать | C65: глагол | F65: =IFERROR(VLOOKUP(A65,'Лист1'!A:E,1,0),"В листе нет слова") -> Арамах | G65: =IFERROR(VLOOKUP(A65,'Лист2'!A:C,1,0),"В листе нет слова") -> Арамах | H65: =IFERROR(VLOOKUP(A65,'Лист3'!A:F,1,0),"В листе нет слова") -> Арамах | I65: {=IFERROR(IFS(SUM(K65:M65)<=2,"Слово не потеряно"),"Слово из 5 листа")} -> Слово не потеряно | K65: =IF(F65="В листе нет слова",1,0) -> 0 | L65: =IF(G65="В листе нет слова",1,0) -> 0 | M65: =IF(H65="В листе нет слова",1,0) -> 0
A66: Арамах | B66: искать | F66: =IFERROR(VLOOKUP(A66,'Лист1'!A:E,1,0),"В листе нет слова") -> Арамах | G66: =IFERROR(VLOOKUP(A66,'Лист2'!A:C,1,0),"В листе нет слова") -> Арамах | H66: =IFERROR(VLOOKUP(A66,'Лист3'!A:F,1,0),"В листе нет слова") -> Арамах | I66: {=IFERROR(IFS(SUM(K66:M66)<=2,"Слово не потеряно"),"Слово из 5 листа")} -> Слово не потеряно | K66: =IF(F66="В листе нет слова",1,0) -> 0 | L66: =IF(G66="В листе нет слова",1,0) -> 0 | M66: =IF(H66="В листе нет слова",1,0) -> 0
A67: Арах | B67: водка | C67: существительное | F67: =IFERROR(VLOOKUP(A67,'Лист1'!A:E,1,0),"В листе нет слова") -> Арах | G67: =IFERROR(VLOOKUP(A67,'Лист2'!A:C,1,0),"В листе нет слова") -> В листе нет слова | H67: =IFERROR(VLOOKUP(A67,'Лист3'!A:F,1,0),"В листе нет слова") -> Арах | I67: {=IFERROR(IFS(SUM(K67:M67)<=2,"Слово не потеряно"),"Слово из 5 листа")} -> Слово не потеряно | K67: =IF(F67="В листе нет слова",1,0) -> 0 | L67: =IF(G67="В листе нет слова",1,0) -> 1 | M67: =IF(H67="В листе нет слова",1,0) -> 0
A68: Арба | B68: воз, телега | C68: существительное | F68: =IFERROR(VLOOKUP(A68,'Лист1'!A:E,1,0),"В листе нет слова") -> Арба | G68: =IFERROR(VLOOKUP(A68,'Лист2'!A:C,1,0),"В листе нет слова") -> В листе нет слова | H68: =IFERROR(VLOOKUP(A68,'Лист3'!A:F,1,0),"В листе нет слова") -> Арба | I68: {=IFERROR(IFS(SUM(K68:M68)<=2,"Слово не потеряно"),"Слово из 5 листа")} -> Слово не потеряно | K68: =IF(F68="В листе нет слова",1,0) -> 0 | L68: =IF(G68="В листе нет слова",1,0) -> 1 | M68: =IF(H68="В листе нет слова",1,0) -> 0
A69: Армут | B69: Груша | C69: существительное | F69: =IFERROR(VLOOKUP(A69,'Лист1'!A:E,1,0),"В листе нет слова") -> Армут | G69: =IFERROR(VLOOKUP(A69,'Лист2'!A:C,1,0),"В листе нет слова") -> В листе нет слова | H69: =IFERROR(VLOOKUP(A69,'Лист3'!A:F,1,0),"В листе нет слова") -> Армут | I69: {=IFERROR(IFS(SUM(K69:M69)<=2,"Слово не потеряно"),"Слово из 5 листа")} -> Слово не потеряно | K69: =IF(F69="В листе нет слова",1,0) -> 0 | L69: =IF(G69="В листе нет слова",1,0) -> 1 | M69: =IF(H69="В листе нет слова",1,0) -> 0
A70: Арпа | B70: ячмень | C70: существительное | F70: =IFERROR(VLOOKUP(A70,'Лист1'!A:E,1,0),"В листе нет слова") -> Арпа | G70: =IFERROR(VLOOKUP(A70,'Лист2'!A:C,1,0),"В листе нет слова") -> В листе нет слова | H70: =IFERROR(VLOOKUP(A70,'Лист3'!A:F,1,0),"В листе нет слова") -> Арпа | I70: {=IFERROR(IFS(SUM(K70:M70)<=2,"Слово не потеряно"),"Слово из 5 листа")} -> Слово не потеряно | K70: =IF(F70="В листе нет слова",1,0) -> 0 | L70: =IF(G70="В листе нет слова",1,0) -> 1 | M70: =IF(H70="В листе нет слова",1,0) -> 0
A71: Арсыз | B71: непослушнный | C71: Прилагательное | F71: =IFERROR(VLOOKUP(A71,'Лист1'!A:E,1,0),"В листе нет слова") -> В листе нет слова | G71: =IFERROR(VLOOKUP(A71,'Лист2'!A:C,1,0),"В листе нет слова") -> Арсыз | H71: =IFERROR(VLOOKUP(A71,'Лист3'!A:F,1,0),"В листе нет слова") -> В листе нет слова | I71: {=IFERROR(IFS(SUM(K71:M71)<=2,"Слово не потеряно"),"Слово из 5 листа")} -> Слово не потеряно | K71: =IF(F71="В листе нет слова",1,0) -> 1 | L71: =IF(G71="В листе нет слова",1,0) -> 0 | M71: =IF(H71="В листе нет слова",1,0) -> 1
A72: Арх | B72: бассейн, накопитель воды | C72: существительное | F72: =IFERROR(VLOOKUP(A72,'Лист1'!A:E,1,0),"В листе нет слова") -> Арх | G72: =IFERROR(VLOOKUP(A72,'Лист2'!A:C,1,0),"В листе нет слова") -> В листе нет слова | H72: =IFERROR(VLOOKUP(A72,'Лист3'!A:F,1,0),"В листе нет слова") -> Арх | I72: {=IFERROR(IFS(SUM(K72:M72)<=2,"Слово не потеряно"),"Слово из 5 листа")} -> Слово не потеряно | K72: =IF(F72="В листе нет слова",1,0) -> 0 | L72: =IF(G72="В листе нет слова",1,0) -> 1 | M72: =IF(H72="В листе нет слова",1,0) -> 0
A73: Арха | B73: спина | C73: существительное | F73: =IFERROR(VLOOKUP(A73,'Лист1'!A:E,1,0),"В листе нет слова") -> Арха | G73: =IFERROR(VLOOKUP(A73,'Лист2'!A:C,1,0),"В листе нет слова") -> В листе нет слова | H73: =IFERROR(VLOOKUP(A73,'Лист3'!A:F,1,0),"В листе нет слова") -> Арха | I73: {=IFERROR(IFS(SUM(K73:M73)<=2,"Слово не потеряно"),"Слово из 5 листа")} -> Слово не потеряно | K73: =IF(F73="В листе нет слова",1,0) -> 0 | L73: =IF(G73="В листе нет слова",1,0) -> 1 | M73: =IF(H73="В листе нет слова",1,0) -> 0
A74: Архаб | B74: медведка | C74: существительное | F74: =IFERROR(VLOOKUP(A74,'Лист1'!A:E,1,0),"В листе нет слова") -> Архаб | G74: =IFERROR(VLOOKUP(A74,'Лист2'!A:C,1,0),"В листе нет слова") -> В листе нет слова | H74: =IFERROR(VLOOKUP(A74,'Лист3'!A:F,1,0),"В листе нет слова") -> Архаб | I74: {=IFERROR(IFS(SUM(K74:M74)<=2,"Слово не потеряно"),"Слово из 5 листа")} -> Слово не потеряно | K74: =IF(F74="В листе нет слова",1,0) -> 0 | L74: =IF(G74="В листе нет слова",1,0) -> 1 | M74: =IF(H74="В листе нет слова",1,0) -> 0
A75: Арых | B75: худой | C75: Прилагательное | F75: =IFERROR(VLOOKUP(A75,'Лист1'!A:E,1,0),"В листе нет слова") -> В листе нет слова | G75: =IFERROR(VLOOKUP(A75,'Лист2'!A:C,1,0),"В листе нет слова") -> Арых | H75: =IFERROR(VLOOKUP(A75,'Лист3'!A:F,1,0),"В листе нет слова") -> В листе нет слова | I75: {=IFERROR(IFS(SUM(K75:M75)<=2,"Слово не потеряно"),"Слово из 5 листа")} -> Слово не потеряно | K75: =IF(F75="В листе нет слова",1,0) -> 1 | L75: =IF(G75="В листе нет слова",1,0) -> 0 | M75: =IF(H75="В листе нет слова",1,0) -> 1
A76: Асма | B76: вроде | F76: =IFERROR(VLOOKUP(A76,'Лист1'!A:E,1,0),"В листе нет слова") -> В листе нет слова | G76: =IFERROR(VLOOKUP(A76,'Лист2'!A:C,1,0),"В листе нет слова") -> Асма | H76: =IFERROR(VLOOKUP(A76,'Лист3'!A:F,1,0),"В листе нет слова") -> В листе нет слова | I76: {=IFERROR(IFS(SUM(K76:M76)<=2,"Слово не потеряно"),"Слово из 5 листа")} -> Слово не потеряно | K76: =IF(F76="В листе нет слова",1,0) -> 1 | L76: =IF(G76="В листе нет слова",1,0) -> 0 | M76: =IF(H76="В листе нет слова",1,0) -> 1
A77: Аспап | B77: одежда | C77: существительное | F77: =IFERROR(VLOOKUP(A77,'Лист1'!A:E,1,0),"В листе нет слова") -> Аспап | G77: =IFERROR(VLOOKUP(A77,'Лист2'!A:C,1,0),"В листе нет слова") -> В листе нет слова | H77: =IFERROR(VLOOKUP(A77,'Лист3'!A:F,1,0),"В листе нет слова") -> Аспап | I77: {=IFERROR(IFS(SUM(K77:M77)<=2,"Слово не потеряно"),"Слово из 5 листа")} -> Слово не потеряно | K77: =IF(F77="В листе нет слова",1,0) -> 0 | L77: =IF(G77="В листе нет слова",1,0) -> 1 | M77: =IF(H77="В листе нет слова",1,0) -> 0
A78: Ат | B78: конь | C78: существительное | F78: =IFERROR(VLOOKUP(A78,'Лист1'!A:E,1,0),"В листе нет слова") -> В листе нет слова | G78: =IFERROR(VLOOKUP(A78,'Лист2'!A:C,1,0),"В листе нет слова") -> Ат | H78: =IFERROR(VLOOKUP(A78,'Лист3'!A:F,1,0),"В листе нет слова") -> В листе нет слова | I78: {=IFERROR(IFS(SUM(K78:M78)<=2,"Слово не потеряно"),"Слово из 5 листа")} -> Слово не потеряно | K78: =IF(F78="В листе нет слова",1,0) -> 1 | L78: =IF(G78="В листе нет слова",1,0) -> 0 | M78: =IF(H78="В листе нет слова",1,0) -> 1
A79: Ат | B79: существительное | C79: конь,лошадь | F79: =IFERROR(VLOOKUP(A79,'Лист1'!A:E,1,0),"В листе нет слова") -> В листе нет слова | G79: =IFERROR(VLOOKUP(A79,'Лист2'!A:C,1,0),"В листе нет слова") -> Ат | H79: =IFERROR(VLOOKUP(A79,'Лист3'!A:F,1,0),"В листе нет слова") -> В листе нет слова | I79: {=IFERROR(IFS(SUM(K79:M79)<=2,"Слово не потеряно"),"Слово из 5 листа")} -> Слово не потеряно | K79: =IF(F79="В листе нет слова",1,0) -> 1 | L79: =IF(G79="В листе нет слова",1,0) -> 0 | M79: =IF(H79="В листе нет слова",1,0) -> 1
A80: Атеш | B80: огонь | C80: существительное | F80: =IFERROR(VLOOKUP(A80,'Лист1'!A:E,1,0),"В листе нет слова") -> Атеш | G80: =IFERROR(VLOOKUP(A80,'Лист2'!A:C,1,0),"В листе нет слова") -> В листе нет слова | H80: =IFERROR(VLOOKUP(A80,'Лист3'!A:F,1,0),"В листе нет слова") -> Атеш | I80: {=IFERROR(IFS(SUM(K80:M80)<=2,"Слово не потеряно"),"Слово из 5 листа")} -> Слово не потеряно | K80: =IF(F80="В листе нет слова",1,0) -> 0 | L80: =IF(G80="В листе нет слова",1,0) -> 1 | M80: =IF(H80="В листе нет слова",1,0) -> 0
A81: Афиат Олсун | B81: на здоровье | C81: междометие | F81: =IFERROR(VLOOKUP(A81,'Лист1'!A:E,1,0),"В листе нет слова") -> Афиат Олсун | G81: =IFERROR(VLOOKUP(A81,'Лист2'!A:C,1,0),"В листе нет слова") -> В листе нет слова | H81: =IFERROR(VLOOKUP(A81,'Лист3'!A:F,1,0),"В листе нет слова") -> Афиат Олсун | I81: {=IFERROR(IFS(SUM(K81:M81)<=2,"Слово не потеряно"),"Слово из 5 листа")} -> Слово не потеряно | K81: =IF(F81="В листе нет слова",1,0) -> 0 | L81: =IF(G81="В листе нет слова",1,0) -> 1 | M81: =IF(H81="В листе нет слова",1,0) -> 0
A82: Ахзи ачых | B82: рассеянный,разиня | F82: =IFERROR(VLOOKUP(A82,'Лист1'!A:E,1,0),"В листе нет слова") -> В листе нет слова | G82: =IFERROR(VLOOKUP(A82,'Лист2'!A:C,1,0),"В листе нет слова") -> Ахзи ачых | H82: =IFERROR(VLOOKUP(A82,'Лист3'!A:F,1,0),"В листе нет слова") -> В листе нет слова | I82: {=IFERROR(IFS(SUM(K82:M82)<=2,"Слово не потеряно"),"Слово из 5 листа")} -> Слово не потеряно | K82: =IF(F82="В листе нет слова",1,0) -> 1 | L82: =IF(G82="В листе нет слова",1,0) -> 0 | M82: =IF(H82="В листе нет слова",1,0) -> 1
A83: Ахмах | B83: вечер | C83: Существительное | F83: =IFERROR(VLOOKUP(A83,'Лист1'!A:E,1,0),"В листе нет слова") -> В листе нет слова | G83: =IFERROR(VLOOKUP(A83,'Лист2'!A:C,1,0),"В листе нет слова") -> Ахмах | H83: =IFERROR(VLOOKUP(A83,'Лист3'!A:F,1,0),"В листе нет слова") -> В листе нет слова | I83: {=IFERROR(IFS(SUM(K83:M83)<=2,"Слово не потеряно"),"Слово из 5 листа")} -> Слово не потеряно | K83: =IF(F83="В листе нет слова",1,0) -> 1 | L83: =IF(G83="В листе нет слова",1,0) -> 0 | M83: =IF(H83="В листе нет слова",1,0) -> 1
A84: Ахтармах | B84: хочу увидеть | C84: глагол | F84: =IFERROR(VLOOKUP(A84,'Лист1'!A:E,1,0),"В листе нет слова") -> Ахтармах | G84: =IFERROR(VLOOKUP(A84,'Лист2'!A:C,1,0),"В листе нет слова") -> В листе нет слова | H84: =IFERROR(VLOOKUP(A84,'Лист3'!A:F,1,0),"В листе нет слова") -> Ахтармах | I84: {=IFERROR(IFS(SUM(K84:M84)<=2,"Слово не потеряно"),"Слово из 5 листа")} -> Слово не потеряно | K84: =IF(F84="В листе нет слова",1,0) -> 0 | L84: =IF(G84="В листе нет слова",1,0) -> 1 | M84: =IF(H84="В листе нет слова",1,0) -> 0
A85: Ахур | B85: кормушка для коровы | F85: =IFERROR(VLOOKUP(A85,'Лист1'!A:E,1,0),"В листе нет слова") -> В листе нет слова | G85: =IFERROR(VLOOKUP(A85,'Лист2'!A:C,1,0),"В листе нет слова") -> Ахур | H85: =IFERROR(VLOOKUP(A85,'Лист3'!A:F,1,0),"В листе нет слова") -> В листе нет слова | I85: {=IFERROR(IFS(SUM(K85:M85)<=2,"Слово не потеряно"),"Слово из 5 листа")} -> Слово не потеряно | K85: =IF(F85="В листе нет слова",1,0) -> 1 | L85: =IF(G85="В листе нет слова",1,0) -> 0 | M85: =IF(H85="В листе нет слова",1,0) -> 1
A86: Ахшам | B86: вечер | C86: существительное | F86: =IFERROR(VLOOKUP(A86,'Лист1'!A:E,1,0),"В листе нет слова") -> Ахшам | G86: =IFERROR(VLOOKUP(A86,'Лист2'!A:C,1,0),"В листе нет слова") -> В листе нет слова | H86: =IFERROR(VLOOKUP(A86,'Лист3'!A:F,1,0),"В листе нет слова") -> Ахшам | I86: {=IFERROR(IFS(SUM(K86:M86)<=2,"Слово не потеряно"),"Слово из 5 листа")} -> Слово не потеряно | K86: =IF(F86="В листе нет слова",1,0) -> 0 | L86: =IF(G86="В листе нет слова",1,0) -> 1 | M86: =IF(H86="В листе нет слова",1,0) -> 0
A87: Ахшанын хеир | B87: добрый вечер | F87: =IFERROR(VLOOKUP(A87,'Лист1'!A:E,1,0),"В листе нет слова") -> В листе нет слова | G87: =IFERROR(VLOOKUP(A87,'Лист2'!A:C,1,0),"В листе нет слова") -> Ахшанын хеир | H87: =IFERROR(VLOOKUP(A87,'Лист3'!A:F,1,0),"В листе нет слова") -> В листе нет слова | I87: {=IFERROR(IFS(SUM(K87:M87)<=2,"Слово не потеряно"),"Слово из 5 листа")} -> Слово не потеряно | K87: =IF(F87="В листе нет слова",1,0) -> 1 | L87: =IF(G87="В листе нет слова",1,0) -> 0 | M87: =IF(H87="В листе нет слова",1,0) -> 1
A88: Ахъ | B88: белый или седой | C88: прилагательное | F88: =IFERROR(VLOOKUP(A88,'Лист1'!A:E,1,0),"В листе нет слова") -> В листе нет слова | G88: =IFERROR(VLOOKUP(A88,'Лист2'!A:C,1,0),"В листе нет слова") -> Ахъ | H88: =IFERROR(VLOOKUP(A88,'Лист3'!A:F,1,0),"В листе нет слова") -> В листе нет слова | I88: {=IFERROR(IFS(SUM(K88:M88)<=2,"Слово не потеряно"),"Слово из 5 листа")} -> Слово не потеряно | K88: =IF(F88="В листе нет слова",1,0) -> 1 | L88: =IF(G88="В листе нет слова",1,0) -> 0 | M88: =IF(H88="В листе нет слова",1,0) -> 1
A89: Ахъâч | B89: сук | C89: существительное | F89: =IFERROR(VLOOKUP(A89,'Лист1'!A:E,1,0),"В листе нет слова") -> Ахъâч | G89: =IFERROR(VLOOKUP(A89,'Лист2'!A:C,1,0),"В листе нет слова") -> В листе нет слова | H89: =IFERROR(VLOOKUP(A89,'Лист3'!A:F,1,0),"В листе нет слова") -> Ахъâч | I89: {=IFERROR(IFS(SUM(K89:M89)<=2,"Слово не потеряно"),"Слово из 5 листа")} -> Слово не потеряно | K89: =IF(F89="В листе нет слова",1,0) -> 0 | L89: =IF(G89="В листе нет слова",1,0) -> 1 | M89: =IF(H89="В листе нет слова",1,0) -> 0
A90: Ахъзыми аштырма | B90: не раздражай меня или не нервируй меня | F90: =IFERROR(VLOOKUP(A90,'Лист1'!A:E,1,0),"В листе нет слова") -> В листе нет слова | G90: =IFERROR(VLOOKUP(A90,'Лист2'!A:C,1,0),"В листе нет слова") -> Ахъзыми аштырма | H90: =IFERROR(VLOOKUP(A90,'Лист3'!A:F,1,0),"В листе нет слова") -> В листе нет слова | I90: {=IFERROR(IFS(SUM(K90:M90)<=2,"Слово не потеряно"),"Слово из 5 листа")} -> Слово не потеряно | K90: =IF(F90="В листе нет слова",1,0) -> 1 | L90: =IF(G90="В листе нет слова",1,0) -> 0 | M90: =IF(H90="В листе нет слова",1,0) -> 1
A91: Ахъыз | B91: рот | C91: Существительные | F91: =IFERROR(VLOOKUP(A91,'Лист1'!A:E,1,0),"В листе нет слова") -> В листе нет слова | G91: =IFERROR(VLOOKUP(A91,'Лист2'!A:C,1,0),"В листе нет слова") -> Ахъыз | H91: =IFERROR(VLOOKUP(A91,'Лист3'!A:F,1,0),"В листе нет слова") -> В листе нет слова | I91: {=IFERROR(IFS(SUM(K91:M91)<=2,"Слово не потеряно"),"Слово из 5 листа")} -> Слово не потеряно | K91: =IF(F91="В листе нет слова",1,0) -> 1 | L91: =IF(G91="В листе нет слова",1,0) -> 0 | M91: =IF(H91="В листе нет слова",1,0) -> 1
A92: Ахъыр | B92: тяжелый | C92: прилагательное | F92: =IFERROR(VLOOKUP(A92,'Лист1'!A:E,1,0),"В листе нет слова") -> Ахъыр | G92: =IFERROR(VLOOKUP(A92,'Лист2'!A:C,1,0),"В листе нет слова") -> В листе нет слова | H92: =IFERROR(VLOOKUP(A92,'Лист3'!A:F,1,0),"В листе нет слова") -> Ахъыр | I92: {=IFERROR(IFS(SUM(K92:M92)<=2,"Слово не потеряно"),"Слово из 5 листа")} -> Слово не потеряно | K92: =IF(F92="В листе нет слова",1,0) -> 0 | L92: =IF(G92="В листе нет слова",1,0) -> 1 | M92: =IF(H92="В листе нет слова",1,0) -> 0
A93: Ахыл | B93: ум | C93: существительное | F93: =IFERROR(VLOOKUP(A93,'Лист1'!A:E,1,0),"В листе нет слова") -> Ахыл | G93: =IFERROR(VLOOKUP(A93,'Лист2'!A:C,1,0),"В листе нет слова") -> В листе нет слова | H93: =IFERROR(VLOOKUP(A93,'Лист3'!A:F,1,0),"В листе нет слова") -> Ахыл | I93: {=IFERROR(IFS(SUM(K93:M93)<=2,"Слово не потеряно"),"Слово из 5 листа")} -> Слово не потеряно | K93: =IF(F93="В листе нет слова",1,0) -> 0 | L93: =IF(G93="В листе нет слова",1,0) -> 1 | M93: =IF(H93="В листе нет слова",1,0) -> 0
A94: Ахылли | B94: умный | C94: прилагательное | F94: =IFERROR(VLOOKUP(A94,'Лист1'!A:E,1,0),"В листе нет слова") -> Ахылли | G94: =IFERROR(VLOOKUP(A94,'Лист2'!A:C,1,0),"В листе нет слова") -> В листе нет слова | H94: =IFERROR(VLOOKUP(A94,'Лист3'!A:F,1,0),"В листе нет слова") -> Ахылли | I94: {=IFERROR(IFS(SUM(K94:M94)<=2,"Слово не потеряно"),"Слово из 5 листа")} -> Слово не потеряно | K94: =IF(F94="В листе нет слова",1,0) -> 0 | L94: =IF(G94="В листе нет слова",1,0) -> 1 | M94: =IF(H94="В листе нет слова",1,0) -> 0
A95: Ахырмах | B95: болеть | C95: глагол | F95: =IFERROR(VLOOKUP(A95,'Лист1'!A:E,1,0),"В листе нет слова") -> Ахырмах | G95: =IFERROR(VLOOKUP(A95,'Лист2'!A:C,1,0),"В листе нет слова") -> В листе нет слова | H95: =IFERROR(VLOOKUP(A95,'Лист3'!A:F,1,0),"В листе нет слова") -> Ахырмах | I95: {=IFERROR(IFS(SUM(K95:M95)<=2,"Слово не потеряно"),"Слово из 5 листа")} -> Слово не потеряно | K95: =IF(F95="В листе нет слова",1,0) -> 0 | L95: =IF(G95="В листе нет слова",1,0) -> 1 | M95: =IF(H95="В листе нет слова",1,0) -> 0
A96: Ачых | B96: открытый | C96: прилагательное | F96: =IFERROR(VLOOKUP(A96,'Лист1'!A:E,1,0),"В листе нет слова") -> Ачых | G96: =IFERROR(VLOOKUP(A96,'Лист2'!A:C,1,0),"В листе нет слова") -> В листе нет слова | H96: =IFERROR(VLOOKUP(A96,'Лист3'!A:F,1,0),"В листе нет слова") -> Ачых | I96: {=IFERROR(IFS(SUM(K96:M96)<=2,"Слово не потеряно"),"Слово из 5 листа")} -> Слово не потеряно | K96: =IF(F96="В листе нет слова",1,0) -> 0 | L96: =IF(G96="В листе нет слова",1,0) -> 1 | M96: =IF(H96="В листе нет слова",1,0) -> 0
A97: Аш | B97: суп | C97: существительное | F97: =IFERROR(VLOOKUP(A97,'Лист1'!A:E,1,0),"В листе нет слова") -> Аш | G97: =IFERROR(VLOOKUP(A97,'Лист2'!A:C,1,0),"В листе нет слова") -> Аш | H97: =IFERROR(VLOOKUP(A97,'Лист3'!A:F,1,0),"В листе нет слова") -> Аш | I97: {=IFERROR(IFS(SUM(K97:M97)<=2,"Слово не потеряно"),"Слово из 5 листа")} -> Слово не потеряно | K97: =IF(F97="В листе нет слова",1,0) -> 0 | L97: =IF(G97="В листе нет слова",1,0) -> 0 | M97: =IF(H97="В листе нет слова",1,0) -> 0
A98: Аш | B98: суп | C98: существительное | F98: =IFERROR(VLOOKUP(A98,'Лист1'!A:E,1,0),"В листе нет слова") -> Аш | G98: =IFERROR(VLOOKUP(A98,'Лист2'!A:C,1,0),"В листе нет слова") -> Аш | H98: =IFERROR(VLOOKUP(A98,'Лист3'!A:F,1,0),"В листе нет слова") -> Аш | I98: {=IFERROR(IFS(SUM(K98:M98)<=2,"Слово не потеряно"),"Слово из 5 листа")} -> Слово не потеряно | K98: =IF(F98="В листе нет слова",1,0) -> 0 | L98: =IF(G98="В листе нет слова",1,0) -> 0 | M98: =IF(H98="В листе нет слова",1,0) -> 0
A99: Ашламах | B99: заштопывать | C99: глагол | F99: =IFERROR(VLOOKUP(A99,'Лист1'!A:E,1,0),"В листе нет слова") -> В листе нет слова | G99: =IFERROR(VLOOKUP(A99,'Лист2'!A:C,1,0),"В листе нет слова") -> Ашламах | H99: =IFERROR(VLOOKUP(A99,'Лист3'!A:F,1,0),"В листе нет слова") -> В листе нет слова | I99: {=IFERROR(IFS(SUM(K99:M99)<=2,"Слово не потеряно"),"Слово из 5 листа")} -> Слово не потеряно | K99: =IF(F99="В листе нет слова",1,0) -> 1 | L99: =IF(G99="В листе нет слова",1,0) -> 0 | M99: =IF(H99="В листе нет слова",1,0) -> 1
A100: Ашламах | B100: прививать дерево | C100: глагол | F100: =IFERROR(VLOOKUP(A100,'Лист1'!A:E,1,0),"В листе нет слова") -> В листе нет слова | G100: =IFERROR(VLOOKUP(A100,'Лист2'!A:C,1,0),"В листе нет слова") -> Ашламах | H100: =IFERROR(VLOOKUP(A100,'Лист3'!A:F,1,0),"В листе нет слова") -> В листе нет слова | I100: {=IFERROR(IFS(SUM(K100:M100)<=2,"Слово не потеряно"),"Слово из 5 листа")} -> Слово не потеряно | K100: =IF(F100="В листе нет слова",1,0) -> 1 | L100: =IF(G100="В листе нет слова",1,0) -> 0 | M100: =IF(H100="В листе нет слова",1,0) -> 1
A101: Ашмах | B101: открывать | C101: глагол | F101: =IFERROR(VLOOKUP(A101,'Лист1'!A:E,1,0),"В листе нет слова") -> Ашмах | G101: =IFERROR(VLOOKUP(A101,'Лист2'!A:C,1,0),"В листе нет слова") -> В листе нет слова | H101: =IFERROR(VLOOKUP(A101,'Лист3'!A:F,1,0),"В листе нет слова") -> Ашмах | I101: {=IFERROR(IFS(SUM(K101:M101)<=2,"Слово не потеряно"),"Слово из 5 листа")} -> Слово не потеряно | K101: =IF(F101="В листе нет слова",1,0) -> 0 | L101: =IF(G101="В листе нет слова",1,0) -> 1 | M101: =IF(H101="В листе нет слова",1,0) -> 0
A102: Ашшахи | B102: вниз | C102: наречие | F102: =IFERROR(VLOOKUP(A102,'Лист1'!A:E,1,0),"В листе нет слова") -> Ашшахи | G102: =IFERROR(VLOOKUP(A102,'Лист2'!A:C,1,0),"В листе нет слова") -> В листе нет слова | H102: =IFERROR(VLOOKUP(A102,'Лист3'!A:F,1,0),"В листе нет слова") -> Ашшахи | I102: {=IFERROR(IFS(SUM(K102:M102)<=2,"Слово не потеряно"),"Слово из 5 листа")} -> Слово не потеряно | K102: =IF(F102="В листе нет слова",1,0) -> 0 | L102: =IF(G102="В листе нет слова",1,0) -> 1 | M102: =IF(H102="В листе нет слова",1,0) -> 0
... A107: Бôюмах | B107: глупец | C107: глагол | F107: =IFERROR(VLOOKUP(A107,'Лист1'!A:E,1,0),"В листе нет слова") -> В листе нет слова | G107: =IFERROR(VLOOKUP(A107,'Лист2'!A:C,1,0),"В листе нет слова") -> Бôюмах | H107: =IFERROR(VLOOKUP(A107,'Лист3'!A:F,1,0),"В листе нет слова") -> В листе нет слова | I107: {=IFERROR(IFS(SUM(K107:M107)<=2,"Слово не потеряно"),"Слово из 5 листа")} -> Слово не потеряно | K107: =IF(F107="В листе нет слова",1,0) -> 1 | L107: =IF(G107="В листе нет слова",1,0) -> 0 | M107: =IF(H107="В листе нет слова",1,0) -> 1
A108: Бôюч | B108: Большой | F108: =IFERROR(VLOOKUP(A108,'Лист1'!A:E,1,0),"В листе нет слова") -> Бôюч | G108: =IFERROR(VLOOKUP(A108,'Лист2'!A:C,1,0),"В листе нет слова") -> В листе нет слова | H108: =IFERROR(VLOOKUP(A108,'Лист3'!A:F,1,0),"В листе нет слова") -> Бôюч | I108: {=IFERROR(IFS(SUM(K108:M108)<=2,"Слово не потеряно"),"Слово из 5 листа")} -> Слово не потеряно | K108: =IF(F108="В листе нет слова",1,0) -> 0 | L108: =IF(G108="В листе нет слова",1,0) -> 1 | M108: =IF(H108="В листе нет слова",1,0) -> 0
A109: Бŷлŷджи | B109: знающий | C109: Причастие | F109: =IFERROR(VLOOKUP(A109,'Лист1'!A:E,1,0),"В листе нет слова") -> В листе нет слова | G109: =IFERROR(VLOOKUP(A109,'Лист2'!A:C,1,0),"В листе нет слова") -> Бŷлŷджи | H109: =IFERROR(VLOOKUP(A109,'Лист3'!A:F,1,0),"В листе нет слова") -> В листе нет слова | I109: {=IFERROR(IFS(SUM(K109:M109)<=2,"Слово не потеряно"),"Слово из 5 листа")} -> Слово не потеряно | K109: =IF(F109="В листе нет слова",1,0) -> 1 | L109: =IF(G109="В листе нет слова",1,0) -> 0 | M109: =IF(H109="В листе нет слова",1,0) -> 1
...

Sheet Рабочий словарь
A1: Слово | B1: Перевод | C1: Часть речи
A2: Яхмах | B2: жечь | C2: глагол
A3: Чŷчŷч | B3: маленький | C3: прилагательное
A4: Орда | B4: там | C4: наречие
A5: Тŷтŷн | B5: дым | C5: существительное
A6: Богхулмах | B6: подавиться,захлебнуться | C6: глагол
A7: Атеш алмах | B7: разгореться | C7: глагол
A8: Чапут | B8: тряпка | C8: существительное
A9: Янмах | B9: гореть | C9: глагол
A10: Сöндŷрмах | B10: тушить | C10: глагол
A11: Тез-тез ,елли-елли | B11: быстро | C11: наречие
A12: Ал | B12: яркий | C12: прилагательное
... A36: Нâ | B36: что | C36: местоимение,союз,частица
A37: Джидâных
A38: Ушахлар | B38: дети,ребята | C38: существительное
A39: Торун | B39: внук,внучка | C39: существительное
A40: Джетмах | B40: идти,уходить | C40: глагол
A41: Гхача гхача | B41: бегом | C41: наречие
A42: Бохгоз | B42: горло | C42: существительное
A43: Бохгозли | B43: прожорливый | C43: прилагательное
A44: Бурхутмах | B44: получить растяжение (руки,ноги) | C44: глагол
A45: Енджиляч | B45: лёгкий,легкомысленный | C45: прилагательное
A46: Джôджâз | B46: ненасытный | C46: прилагательное
A47: Кыстанка | B47: малышка | C47: существительное
A48: ельпâрâч | B48: ветренный | C48: прилагательное
A49: фарахланмах | B49: остыть,успокоиться (о человеке) | C49: глагол
... A95: О | B95: он,она,оно | C95: личное местоимение
B96: это | C96: указательное
A97: Сизь | B97: вы | C97: личное местоимение
A98: онун | B98: его,ее | C98: притяж.местоимене
A99: оннарын | B99: их | C99: притяж.местоимене
A100: буланмах | B100: мутнеть | C100: глагол
A101: Булунмах | B101: найтись | C101: глагол
A102: Гхан | B102: кровь | C102: существительное
A103: Гханамах | B103: кровить | C103: глагол
A105: ерûшмах | B105: успевать,догонять | C105: глагол
A106: ерûшмах | B106: созревать | C106: глагол
A107: тâрпâнмах | B107: шевелиться,тронуться с места | C107: глагол
A108: тâрчâнлâнмах | B108: терять равновесие | C108: глагол
A109: мухгам | B109: жанр азербайджанской традиционой музыки | C109: существительное
... A137: шâяр | B137: город | C137: существительное
A139: Хач су | B139: Крещение | C139: существительное | D139: название цирковного праздника | E139: церковного | F139: праздника
A140: Гхызыл юмŷрта | B140: Пасха | C140: существительное | D140: название цирковного праздника | E140: церковного | F140: праздника
A141: Томбул тâпâ | B141: Радоница | C141: существительное | D141: название цирковного праздника | E141: церковного | F141: праздника
A142: Храм зиярати | B142: Прощенный день | C142: существительное | D142: название цирковного праздника | E142: церковного | F142: праздника
A143: Тâч чам ( Сŷдди) | B143: Троица | C143: существительное | D143: название цирковного праздника | E143: церковного | F143: праздника
A144: Елли баба | B144: Праздник Петра и Павла | C144: существительное | D144: название цирковного праздника | E144: церковного | F144: праздника
A145: Медаморфоз | B145: Преображение Господне (Яблочный спас) | C145: существительное | D145: название цирковного праздника | E145: церковного | F145: праздника | H145: 45888
A146: Мерьямана | B146: Успение Пресвятой Богородицы | C146: существительное | D146: название цирковного праздника | E146: церковного | F146: праздника | H146: 45897
A147: Эрмâни числяси | B147: Воздвижение Креста Господня | C147: существительное | D147: название цирковного праздника | E147: церковного | F147: праздника | H147: 45927
A148: Aхтâлâ | B148: Рождество Пресвятой Богородицы | C148: существительное | D148: название цирковного праздника | E148: церковного праздника | H148: 45921
A150: Лохма | B150: кусок хлеба | C150: существительное
A151: Ломоть хлеба | B151: ломоть хлеба | C151: существительное
A152: Лохса | B152: роженица | C152: существительное
A153: Хаш-хаш | B153: мак(цветок) | C153: существительное
A154: Гхардаш | B154: брат | C154: существительное
A155: ãми, даû | B155: дядя | C155: существительное
A156: джŷвâджи | B156: тетя | C156: существительное
A157: Эништа | B157: зять | C157: существительное
A158: Нини | B158: обращение к матери,тетям | C158: существительное
A159: джŷвâджи | B159: жених | C159: существительное
A160: Ичмах | B160: пить,выпивать | C160: глагол
A161: Вурулмах | B161: биться,ударяться обо что-то ,вляпаться,привязаться к кому-л | C161: существительное
... A189: Йыл | B189: год | C189: существительное
B190: дни недели | C190: существительное
B191: понедельник | C191: существительное
A192: Салли | B192: вторник | C192: существительное
A193: Чаршамба | B193: среда | C193: существительное
B194: четверг | C194: существительное
A195: Джума | B195: пятница | C195: существительное
A196: Сава | B196: суббота | C196: существительное
A197: Базар | B197: воскресенье | C197: существительное
A198: Коргхуш | B198: сова | C198: существительное
A199: Порсух | B199: барсук | C199: существительное
A200: Чирпи | B200: ежик | C200: существительное
A201: Ичи | B201: два | C201: числительное
A202: Ичи | B202: нутро,внутренность | C202: существительное
A203: Ичинда | B203: внутри | C203: наречие прилагательное
A204: дишâри | B204: наружу,за пределом чего-то | C204: наречие
A205: дишâрдâ | B205: наруже,снаружи | C205: наречие
A206: дишâрдâ | B206: снаружи (направление действия) | C206: наречие
... A237: Âллям-гхâллям | B237: ненадежный , безответственный | C237: прилагательное
A238: Чâндырбаз- канатоходец | C238: существительное
A239: Âвджûч | B239: детская игра для девочек "Дочки матери"
A240: Гхонах | B240: Гость | C240: Существительное
A241: Саяп (саяби) | B241: Хозяин | C241: Существительное
A242: Битâвûр | B242: Странный | C242: Прилагательное
A243: Варли | B243: Богатый, состоятельный
A244: Чи | B244: Что | C244: Союз или союзное слово
A245: Онучун чи | B245: Потому что | C245: Союз
A246: Âджâр | B246: Если | C246: Союз
A247: Эрс | B247: Гнев | C247: Существительное
A248: Эрси чыхмах | B248: Гневаться | C248: Глогов
A249: Джырмах | B249: Царапать | C249: Глагол
A250: Джырмаламмах | B250: Царапаться | C250: Глагол
A251: Джырмаламмах | B251: Усердствовать | C251: Глагол
A252: Джырылмах | B252: Кричать (истошно) | C252: Глагол
A253: О сыра | B253: Тогда | C253: Наречие , союз
A254: Бирдâн | B254: Вдруг | C254: Наречие
A255: Бирдâн белâмâ | B255: Ни с того ни сего | C255: Фразеологизм
...

Sheet Лист1
A1: Слово | C1: перевод | D1: часть речи | E1: Происхождение
A2: Абур | C2: нравственность, стыд | D2: существительное
A3: Абурсуз | C3: бесстыжий | D3: прилагательное
A4: Âв | C4: дом | D4: существительное
A5: Автаортаси | C5: четверг | D5: существительное
A6: Агошка | C6: окно | D6: существительное
A7: Ад | C7: имя | D7: существительное
A8: Âдâт | C8: обычай | D8: существительное
A9: Âдич | C9: кутья | D9: существительное
A10: Адым | C10: шаг | D10: существительное
A11: Аз | C11: Мало | D11: наречие
A12: Ай | C12: месяц как единица исчисления годового времени | D12: существительное
A13: Айдâдâ | C13: диск Луны или его часть | D13: существительное
... A70: Балых | C70: рыба | D70: Существительное
A71: Бар | C71: танец греческий | E71: национальный танец
A72: Бармах | C72: палец | D72: Существительное
A73: Бахмах | C73: Смотреть | D73: глагол
C74: смотрит взгляд | D74: Глагол
A75: Бахтырмах | C75: Присматривать (показать доктору)
A76: Баджи | C76: сестра | D76: существительное
A77: Баджылых | C77: Подруга | D77: существительное
A78: Башдан | C78: Начало | D78: существительное
A79: Баш | C79: Голова | D79: существительное
A80: Башламах | C80: Начинать делать что-то
A81: Баяз | C81: белый | D81: Прилагательное
A82: Безяйли | C82: Нарядный | D82: Прилагательное
A83: Бели | C83: Спина | D83: существительное
A84: Бенч | C84: дурак | D84: Существительное
A85: Биз | C85: шило
A86: Биз | C86: мы | D86: Местоимение
A87: Билâвлиер | C87: точит | D87: Глагол
A88: Билâзич | C88: браслет | D88: Существительное
A89: Бир Вахыт | C89: В одно время
A90: Бирчâрâн | C90: однажды | D90: Наречие
A91: Бит | C91: Вошь
A92: Битâвыр | C92: Не по себе | D92: Фразеологизм
A93: Битиер | C93: Растёт
A94: Битирмах | C94: Вырастить что-то
A95: Битмах | C95: Расти
A97: Битмиш | C97: Вырос
A99: Бичах | C99: нож | D99: Существительное
A100: Бишмиш | C100: приготовился | D100: Глагол
A101: Бозулмах | C101: испортился | D101: Глагол
A102: Бойни | C102: шея | D102: Существительное
A103: Бол Ахъаджи | C103: швабра
A104: Бологи | C104: редиска | D104: Существительное
A105: Бонджух | C105: бусы | D105: Существительное
A106: Бостан | C106: огород | D106: Существительное
A107: Бош | C107: пустой | D107: Наречие
A108: Бôюч | C108: Большой | D108: прилагательное
A109: Билязич | C109: браслет | D109: Существительное
A110: Бу | C110: этот | D110: Местоимение
A111: Бурнан Верма | C111: не бормочи под нос
A112: Бурни | C112: нос | D112: Существительное
A113: Бурхунди | C113: вывих | D113: Существительное
A114: Буюх | C114: усы | D114: Существительное
A115: Былдыр | C115: прошлый год
A116: Беин | C116: Мозг | D116: Существительное
A117: Бешич | C117: люлька | D117: Существительное
A118: Вахыт | C118: Одно время
A119: Вурмах | C119: Бить, ударять
A120: Вурур - Дуймаз | C120: недалекий человек
A121: Вурух | C121: Битый | D121: прилагательное
A122: Гарни | C122: Живот | D122: существительное
A123: Гачи | C123: Ножницы для стрижки овец
A124: Гачи, Гырхыных | C124: Ножницы для стрижки Баранов | D124: Существительное
A125: Гашых | C125: Ложка
A126: Гобал | C126: Толкушка , чтобы помять картошку
A127: Гобич | C127: Украшение на голове пожилых женщин
A128: Голенеш | C128: Неуклюжий
A129: Гумлямах | C129: Чистить кастрюли песком
A130: Гхали | C130: Дверь
A131: Гхысыр Инâч | C131: корова,не дающая молока,
A132: Гхыч Пешчири | C132: Полотенце для ног
A133: Гылич | C133: Сдобная булочка, лепешка
A134: Гысса | C134: Короткий | D134: прилагательное
A135: Гышь | C135: Зима | D135: существительное
A136: Дар | C136: Узкий | D136: прилагательное
A137: Дарах | C137: Расчёска | D137: существительное
A138: Дардина Даил | C138: Ему всё равно
A139: Дейсымат | C139: крестник | D139: существительное
A140: Дерево | C140: танец греческий
A141: Десамеса | C141: Крестная мама
A142: Десамони | C142: Крестный папа
A143: Джеляч Йыл | C143: Прошедший год
A144: Джечян Йыл | C144: Наступающий год
A145: Джузаль | C145: Красивая | D145: Прилагательное
A146: Джюлля | C146: Пуля
A147: Джязмах | C147: Гулять
A148: Джâлынджâч- Ласка | C148: Крадёт кур и цыплят
A149: Джôджâрчин | C149: Голубь
A150: Дийнамах | C150: Слушать
A151: Дийнятмах | C151: Заставить слушать
A152: Диняин | C152: Вчера
A153: Дия Дия Ахзымда Туй Битти | C153: Сколько можно об этом говорить
A154: Доли | C154: Полный
A155: Дутаджах | C155: Прихватки
A156: Дуур | C156: Сват
A157: Дуур Хари | C157: Сваха
... A164: Ер Алмаси | C164: топинамбур
...

Sheet Лист2
A1: Чâймах | B1: тянуть | C1: глагол
A2: Чыхмах | B2: выйти | C2: глагол
A3: Умут | B3: надежда | C3: существительное
A4: Чох | B4: много | C4: наречие
A5: Билâч | B5: кисть | C5: существительное
A6: Билâзич | B6: браслет | C6: существительное
A7: Саят | B7: часы | C7: существительное
A8: Вахыт | B8: время | C8: существительное
A9: Чŷмŷш | B9: серебро | C9: существительное
A10: Хъызыл | B10: золото | C10: существительное
A11: Аят | B11: двор | C11: существительное
A12: Бостан | B12: огород | C12: существительное
... A27: Джâрджылâммах | B27: потягиваться | C27: глагол
A28: Шŷшâбâнд | B28: балка деревянная для стойки | D28: существительное
A29: Шŷшâбâнд | B29: стеклянная веранда | C29: существительное
A30: Фасфаса | B30: непоседа | C30: существительное
A31: Ашламах | B31: заштопывать | C31: глагол
A32: Ашламах | B32: прививать дерево | C32: глагол
A33: Эля олсун | B33: пусть будет так | C33: наречие
A34: Иштем | B34: допустим | C34: вводное соово
A35: Чôшâ | B35: обтесанный камень | C35: существительное
A36: Ирках | B36: надоело | C36: глагол
A37: Пишман олмах | B37: разочароваться | C37: глагол
A38: Тарла | B38: поле | C38: существительное
A39: Сâпâт | B39: корзина | C39: существительное
A40: Сохъан | B40: лук | C40: существительное
A41: Лахана | B41: капуста | C41: существительное
A42: Пунхâр | B42: камменое сооружение для родника | D42: существаительное
A43: Хъарибольдуран | B43: абрикос | C43: существительное
A44: Чâпâр | B44: Изгородь | C44: существительное
A45: Хъыз | B45: девушка | C45: существительное
A46: Элячи | B46: как будто | C46: союз
A47: Бурда | B47: здесь | C47: наречие
A48: Бахмах | B48: смотреть | C48: глагол
A49: Ôзджâ | B49: другой | C49: местоимение
A50: Хâбяр | B50: весть,новость | C50: существительное
A51: Яхши | B51: ладно | C51: частица
A52: Аш | B52: суп | C52: существительное
A53: Хоряч | B53: горячее блюдо | C53: существительное
A54: Емах | B54: еда | C54: существительное
... A103: Ахмах | B103: вечер | C103: Существительное
A104: Ахшанын хеир | B104: добрый вечер
A105: Аджап | B105: да ладно
A106: Арсыз | B106: непослушнный | C106: Прилагательное
A107: Ахъыз | B107: рот | C107: Существительные
A108: Ахъзыми аштырма | B108: не раздражай меня или не нервируй меня
A109: Арых | B109: худой | C109: Прилагательное
A110: Адж | B110: голодный | C110: Прилагательное
A111: Ахур | B111: кормушка для коровы
A112: Асма | B112: вроде
A113: Биширмах | B113: варить,готовить | C113: Глагол
A114: Быхъырмах | B114: кричать | C114: Глагол
A115: Бар дутмах | B115: вести хоровод
A116: Барышмах | B116: помириться | C116: Глагол
A117: Биричмах | B117: соединиться | C117: Союз
A118: Безмах | B118: наскучить | C118: Глагол
A119: Бездырмах | B119: надоедать | C119: Глагол
A120: Бŷльмах | B120: знать | C120: Глагол
A121: Бŷлŷджи | B121: знающий | C121: Причастие
A122: Билâвлâмах | B122: точить(нож,инструменты) | C122: Глагол
A123: Бичмах | B123: косить | C123: Глагол
A124: Бель | B124: лопата | C124: Существительное
A125: Гавиргот | B125: вид ткани | C125: Существительное
A126: Хъонши | B126: сосед | C126: Существительное
A127: Хъонушмах | B127: общаться | C127: Глагол
... A132: Хъорхах | B132: трусливый | C132: Прилагательное
A133: Хъабармах | B133: хвастаться,воображать
A134: Хъалмах | B134: оставаться | C134: Глагол
A135: Хъалдырмах | B135: поднимать | C135: Глагол
A136: Ôрти | B136: постель | C136: Существительное
A137: Ôрти халдырмах | B137: заправлять постель
A138: Джâльмах | B138: приходить | C138: Глагол
A139: Джетмах | B139: уходить | C139: Глагол
A140: Дŷшмах | B140: падать | C140: Глагол
A141: Дŷшŷнмах | B141: думать,размашлять | C141: Глагол
A142: Дŷшман | B142: враг | C142: Существительное
A143: Джан | B143: душа | C143: Существительное
A144: Джаным | B144: душа моя | C144: Обращение
A145: Дженâ | B145: ещё | C145: Частица
A146: Дâли | B146: бешенный | C146: Прилагательное
A147: Дâлич | B147: дырка | C147: Существительное
A148: Дâлийли | B148: дырявый | C148: Прилагательное
A149: Дост | B149: гость | C149: Существительное
... A196: Тохум | B196: Семена | C196: Существительное
A197: Чâмчи | B197: ткацкий станок
A198: Джôз вермах | B198: Сглазить
A199: Джаккыл | B199: коромысло
A200: Иштах | B200: аппетит
A201: Ишмар этмах | B201: подавать знак
A202: Гхандырмах | B202: обЪяснить
A203: Бича | B203: косить
A204: Тая | B204: стог сена
A205: Деши | B205: вымя животных
A206: Тыс тымбылич | B206: переевший
A207: Шишмах | B207: опухать
A208: Шишмах | B208: важничать
... A282: Хъаштâнâ | B282: сколько?

Sheet Лист3
A1: Слово | B1: части речи | C1: перевод | D1: Описание контекста (если требуется) | E1: Происхождение
A2: Абур | C2: нравственность, стыд | D2: существительное
A3: Абурсуз | C3: бесстыжий | D3: прилагательное
A4: Âв | C4: дом | D4: существительное
A5: Автаортаси | C5: четверг | D5: существительное
A6: Агошка | C6: окно | D6: существительное
A7: Ад | C7: имя | D7: существительное
A8: Âдâт | C8: обычай | D8: существительное
A9: Âдич | C9: кутья | D9: существительное
A10: Адым | C10: шаг | D10: существительное
A11: Аз | C11: Мало | D11: Наречие
A12: Ай | C12: месяц как единица исчисления годового времени | D12: существительное
A13: Айдâдâ | C13: диск Луны или его часть | D13: существительное
... A70: Балых | C70: рыба | D70: Существительное
A71: Бар | C71: танец греческий | E71: национальный танец
A72: Бармах | C72: палец | D72: Существительное
A73: Бахмах | C73: Смотреть
A74: Бахтырмах | C74: Присматривать (показать доктору)
A75: Баджи | C75: сестра | D75: Сестра
A76: Баджылых | C76: Подруга
A77: Башдан | C77: Начало
A78: Баш | C78: Голова
A79: Башламах | C79: Начинать делать что-то
A80: Баяз | C80: белый | D80: Прилагательное
A81: Безяйли | C81: Нарядный
A82: Бели | C82: Спина
A83: Бенч | C83: дурак | D83: Существительное
A84: Биз | C84: шило
A85: Биз | C85: мы | D85: Местоимение
A86: Билâвлиер | C86: точит | D86: Глагол
A87: Билâзич | C87: браслет | D87: Существительное
A88: Бир Вахыт | C88: В одно время
A89: Бирчâрâн | C89: однажды | D89: Наречие
A90: Бит | C90: Вошь
A91: Битâвыр | C91: Не по себе | D91: Фразеологизм
A92: Битиер | C92: Растёт
A93: Битирмах | C93: Вырастить что-то
A94: Битмах | C94: Расти
A95: Битмиш | C95: Вырос
A96: Бичах | C96: нож | D96: Существительное
A97: Бишмиш | C97: приготовился | D97: Глагол
A98: Бозулмах | C98: испортился | D98: Глагол
A99: Бойни | C99: шея | D99: Существительное
A100: Бол Ахъаджи | C100: швабра
A101: Бологи | C101: редиска | D101: Существительное
A102: Бонджух | C102: бусы | D102: Существительное
A103: Бостан | C103: огород
A104: Бош | C104: пустой | D104: Наречие
A105: Бôюч | C105: Большой
A106: Билязич | C106: браслет
A107: Бу | C107: этот | D107: Местоимение
A108: Бурнан Верма | C108: не бормочи под нос
A109: Бурни | C109: нос | D109: Существительное
A110: Бурхунди | C110: вывих | D110: Существительное
A111: Буюх | C111: усы | D111: Существительное
A112: Былдыр | C112: прошлый год
A113: Бешич | C113: люлька | D113: Существительное
A114: Вахыт | C114: Одно время
A115: Вурмах | C115: Бить, ударять
A116: Вурур - Дуймаз | C116: недалекий человек
A117: Вурух | C117: Битый
A118: Гарни | C118: Живот
A119: Гачи | C119: Ножницы для стрижки овец
A120: Гачи, Гырхыных | C120: Ножницы для стрижки Баранов | D120: Существительное
A121: Гашых | C121: Ложка
A122: Гобал | C122: Толкушка , чтобы помять картошку
A123: Гобич | C123: Украшение на голове пожилых женщин
A124: Голенеш | C124: Неуклюжий
A125: Гумлямах | C125: Чистить кастрюли песком
A126: Гхали | C126: Дверь
A127: Гхысыр Инâч | C127: корова,не дающая молока,
A128: Гхыч Пешчири | C128: Полотенце для ног
A129: Гылич | C129: Сдобная булочка, лепешка
A130: Гысса | C130: Короткий
A131: Гышь | C131: Зима
A132: Дар | C132: Узкий
... A141: Джечян Йыл | C141: Наступающий год
A142: Джузаль | C142: Красивая | D142: Прилагательное
A143: Джюлля | C143: Пуля
A144: Джязмах | C144: Гулять
A145: Джâлынджâч- Ласка | C145: Крадёт кур и цыплят
A146: Джôджâрчин | C146: Голубь
A147: Дийнамах | C147: Слушать
A148: Дийнятмах | C148: Заставить слушать
A149: Диняин | C149: Вчера
A150: Дия Дия Ахзымда Туй Битти | C150: Сколько можно об этом говорить
A151: Доли | C151: Полный
A152: Дутаджах | C152: Прихватки
A153: Дуур | C153: Сват
A154: Дуур Хари | C154: Сваха
... A161: Ер Алмаси | C161: топинамбур
A162: Ёрхан Сырымах | C162: Стегать | D162: Глагол
A163: Ехари | C163: Верх
A164: Заболел И Похудел | C164: Билязич
A165: Зять | C165: Эништа
A166: Илич | C166: Пуговица
A167: Ина | C167: Иголка
A168: Испорченная Техника И Предметы | C168: Бол ахачи
A169: Истол | C169: Стол
A170: Йетым | C170: Сирота
...

Sheet копия от 3.11
A1: Слово | B1: части речи | C1: перевод | D1: Описание контекста (если требуется) | E1: Происхождение
A2: Абур | C2: нравственность, стыд | D2: существительное
A3: Абурсуз | C3: бесстыжий | D3: прилагательное
A4: Âв | C4: дом | D4: существительное
A5: Автаортаси | C5: четверг | D5: существительное
A6: Агошка | C6: окно | D6: существительное
A7: Ад | C7: имя | D7: существительное
A8: Âдâт | C8: обычай | D8: существительное
A9: Âдич | C9: кутья | D9: существительное
A10: Адым | C10: шаг | D10: существительное
A11: Аз | C11: Мало | D11: Наречие
A12: Ай | C12: месяц как единица исчисления годового времени | D12: существительное
A13: Айдâдâ | C13: диск Луны или его часть | D13: существительное
... A70: Балых | C70: рыба | D70: Существительное
A71: Бар | C71: танец греческий | E71: национальный танец
A72: Бармах | C72: палец | D72: Существительное
A73: Бахмах | C73: Смотреть
C74: смотрит взгляд | D74: Глагол
A75: Бахтырмах | C75: Присматривать (показать доктору)
A76: Баджи | C76: сестра | D76: Сестра
A77: Баджылых | C77: Подруга
A78: Башдан | C78: Начало
A79: Баш | C79: Голова
A80: Башламах | C80: Начинать делать что-то
A81: Баяз | C81: белый | D81: Прилагательное
A82: Безяйли | C82: Нарядный
A83: Бели | C83: Спина
A86: Бенч | C86: дурак | D86: Существительное
A88: Биз | C88: шило
A89: Биз | C89: мы | D89: Местоимение
A90: Билâвлиер | C90: точит | D90: Глагол
A91: Билâзич | C91: браслет | D91: Существительное
A92: Бир Вахыт | C92: В одно время
A93: Бирчâрâн | C93: однажды | D93: Наречие
A94: Бит | C94: Вошь
A95: Битâвыр | C95: Не по себе | D95: Фразеологизм
A96: Битиер | C96: Растёт
A97: Битирмах | C97: Вырастить что-то
A98: Битмах | C98: Расти
A100: Битмиш | C100: Вырос
A102: Бичах | C102: нож | D102: Существительное
A103: Бишмиш | C103: приготовился | D103: Глагол
A104: Бозулмах | C104: испортился | D104: Глагол
A105: Бойни | C105: шея | D105: Существительное
A106: Бол Ахъаджи | C106: швабра
A107: Бологи | C107: редиска | D107: Существительное
A108: Бонджух | C108: бусы | D108: Существительное
A109: Бостан | C109: огород
A110: Бош | C110: пустой | D110: Наречие
A111: Бôюч | C111: Большой
A112: Билязич | C112: браслет
A113: Бу | C113: этот | D113: Местоимение
A114: Бурнан Верма | C114: не бормочи под нос
A115: Бурни | C115: нос | D115: Существительное
A117: Бурхунди | C117: вывих | D117: Существительное
A118: Буюх | C118: усы | D118: Существительное
A119: Былдыр | C119: прошлый год
D120: Существительное
A121: Беин | C121: Мозг
A122: Бешич | C122: люлька | D122: Существительное
A123: Вахыт | C123: Одно время
A124: Вурмах | C124: Бить, ударять
A125: Вурур - Дуймаз | C125: недалекий человек
A126: Вурух | C126: Битый
A127: Гарни | C127: Живот
A128: Гачи | C128: Ножницы для стрижки овец
A129: Гачи, Гырхыных | C129: Ножницы для стрижки Баранов | D129: Существительное
A130: Гашых | C130: Ложка
A131: Гобал | C131: Толкушка , чтобы помять картошку
A132: Гобич | C132: Украшение на голове пожилых женщин
A133: Голенеш | C133: Неуклюжий
A134: Гумлямах | C134: Чистить кастрюли песком
A135: Гхали | C135: Дверь
A136: Гхысыр Инâч | C136: корова,не дающая молока,
A137: Гхыч Пешчири | C137: Полотенце для ног
A138: Гылич | C138: Сдобная булочка, лепешка
A139: Гырхылых
A140: Гысса | C140: Короткий
A141: Гышь | C141: Зима
A142: Дар | C142: Узкий
A143: Дарах | C143: Расчёска
A144: Дардина Даил | C144: Ему всё равно
A145: Дейсымат | C145: Жидкий
A146: Дейсымат | C146: Крестник
A147: Дейсымат | C147: Жидкий
A148: Дейсымат | C148: Крестник
A149: Дерево | C149: танец греческий
A150: Десамеса | C150: Крестная мама
A151: Десамони | C151: Крестный папа
... A153: Джечян Йыл | C153: Наступающий год
A154: Джузаль | C154: Красивая | D154: Прилагательное
A155: Джюлля | C155: Пуля
A156: Джязмах | C156: Гулять
A157: Джâлынджâч- Ласка | C157: Крадёт кур и цыплят
A158: Джôджâрчин | C158: Голубь
A159: Дийнамах | C159: Слушать
A160: Дийнятмах | C160: Заставить слушать
A161: Диняин | C161: Вчера
A162: Дия Дия Ахзымда Туй Битти | C162: Сколько можно об этом говорить
A163: Доли | C163: Полный
...
